Longitude,Latitude,Density
-86.568502,34.783368,0.0012976334103416043
-86.80917,33.50223,0.0011321103155323342
-86.17401,32.362609,0.0009551658646463577
-86.63842,34.722818,0.0012886102116378493
-86.295677,32.364317,0.0009553268503897719
-87.545766,33.2144,0.0010729355115610723
-86.96514,34.805625,0.0012826754055984587
-86.177351,32.369939,0.0009564290309311013
-85.492409,32.600201,0.0009959892063820864
-86.853636,33.515453,0.0011329468931733366
-87.023531,32.42443,0.0009614512485623164
-86.21641,32.384181,0.0009588486815239176
-86.285313,32.350939,0.000953052074171673
-85.766644,33.822128,0.0012003391459785339
-87.316127,32.630526,0.0009907714238661523
-88.186077,32.59244,0.0009701471332994765
-86.908605,33.481306,0.0011267261330946724
-88.128934,30.793247,0.0007063016190611515
-86.865099,33.10625,0.0010717847470037955
-87.680999,34.80658,0.001247895266870157
-86.661628,34.756628,0.001291089242798579
-86.790932,33.464578,0.0011270749505528036
-88.18189,30.695081,0.0006922233844332233
-88.138199,30.694751,0.000692194177814318
-87.585242,33.199228,0.0010698000837388395
-86.113675,33.434258,0.0011352453494791169
-85.950191,31.800128,0.0008575272728038298
-85.710315,32.431021,0.0009665022326000761
-149.826135,61.189554,6.911579224014223e-05
-147.824751,64.857053,5.647377020732351e-05
-134.636346,58.38427,5.342178631906895e-05
-149.804242,61.191235,6.915673391161544e-05
-112.092247,33.577738,0.0003972296938480521
-111.940011,33.421922,0.0003870953103726745
-110.950769,32.232071,0.0002927808340447446
-112.452285,34.615678,0.0004146136787725968
-111.657653,35.180095,0.00037367024969144037
-112.113447,33.577907,0.0003978894314853556
-112.476509,34.5445,0.00041670646783466817
-112.026211,33.595117,0.0003957354286539403
-92.341835,34.726644,0.000965008687313883
-92.290555,34.734751,0.0009684338069981586
-91.628115,35.778934,0.0010508164697284486
-94.178214,36.06153,0.0008887419214021119
-92.021263,34.242192,0.0009645321819958534
-90.680478,35.842779,0.0011198611343857896
-93.13233,35.295227,0.0009333722537518052
-91.812971,33.589788,0.0009411713437326719
-92.45931,35.078196,0.0009696952989347661
-92.444102,35.084574,0.0009708763929422799
-91.729008,35.249605,0.001023104250926209
-93.060313,34.127792,0.0009021015838701929
-92.442021,35.09972,0.0009715127494849741
-94.559088,36.191077,0.0008681192171556937
-93.052442,34.125045,0.0009024354503182016
-93.467924,35.477785,0.0009170435639963634
-92.28242,34.73666,0.0009690005050064498
-90.939876,36.126825,0.0011153430350118712
-93.235087,33.291195,0.0008584187175161475
-94.374073,35.385345,0.0008569109137191808
-117.88795,34.130865,0.0005301033519877208
-118.017342,33.904823,0.0005228351371991012
-122.416537,37.774768,0.0003435175864901422
-117.42587,33.928569,0.0005252976822691205
-118.12574,34.139275,0.0005290569277199175
-118.879467,34.225551,0.0005226932135946887
-120.65856,35.29889,0.0004771371851821285
-117.094398,32.897056,0.0004548419573705923
-119.104711,35.350005,0.0005046418700572749
-120.852511,37.52577,0.00037635132330609075
-117.322508,34.182987,0.0005312594110364893
-117.819019,34.054273,0.0005285405831001819
-121.846333,39.728003,0.0002608922643411799
-118.259316,33.86524,0.0005194158063827579
-119.748258,36.814477,0.0004223726599705017
-117.885349,33.883627,0.0005227520803396568
-122.058073,37.65707,0.0003546586928737971
-118.1123,33.782752,0.0005170408267510677
-118.168965,34.066927,0.0005270140850224896
-118.526817,34.23671,0.0005274316899371442
-121.42194,38.55745,0.0003201877481351291
-122.260401,37.871519,0.0003420515301694619
-121.751958,38.539895,0.0003178396376230064
-117.841248,33.648434,0.0005119634805534427
-118.443901,34.068892,0.0005246086964017133
-117.331098,33.97588,0.0005266652680443269
-117.237793,32.876598,0.0004527714222290359
-119.848031,34.415402,0.0005062167856498221
-122.067993,36.997258,0.0003816988554580822
-122.231551,38.069061,0.00033378944173017324
-117.851481,33.793678,0.0005191626796815404
-117.81063,33.6535,0.0005123910188071849
-116.903073,32.799999,0.0004447878209361698
-117.712394,34.103778,0.0005300119431614447
-117.706593,34.102323,0.0005299901560926672
-117.136493,32.821962,0.0004472722257109192
-122.514654,37.980014,0.00033313220167496214
-119.717151,34.4294,0.0005095136457683214
-119.731953,36.725279,0.0004275313088549001
-122.398785,37.789208,0.00034322588898470406
-117.710594,34.106137,0.0005300673937064892
-122.18717,37.802654,0.0003462346969750655
-124.0814,40.8741,0.00019547585065121344
-121.316401,38.011051,0.0003479746383907634
-122.183972,37.881794,0.00034282889271164846
-118.471764,34.128099,0.0005258356847651661
-117.772634,34.10086,0.0005298135448991204
-122.269745,37.804788,0.00034477927840075723
-117.497071,33.908834,0.0005246385205412494
-118.517422,34.38214,0.0005292268466259933
-118.415655,33.970633,0.0005218562409264176
-122.181444,37.452906,0.00036114270742611536
-122.18789,37.782639,0.0003470909350601807
-121.896813,36.599827,0.000400824165429712
-118.480471,34.082112,0.000524577263336809
-117.244243,32.909469,0.00045604092985340505
-122.284618,37.517501,0.000356566645332441
-118.210783,34.126224,0.0005281684391363629
-117.88573,33.87616,0.0005224603900434094
-122.449639,38.57409,0.0003076169759027504
-121.307296,37.980624,0.0003495482385927529
-118.707677,34.041912,0.0005206218711793605
-117.705939,34.103408,0.0005300154433729388
-117.251204,32.713295,0.0004357207491057204
-117.711944,34.098298,0.000529890106269624
-117.163847,34.063571,0.0005284422109506625
-117.071228,32.77525,0.00044241668794547955
-117.188721,32.77142,0.00044199049576638147
-122.477905,37.721345,0.00034461948710087933
-122.450977,37.775564,0.0003428685495178807
-121.881214,37.335201,0.00037149496713653594
-121.938189,37.352706,0.00036974624974584104
-117.711336,34.103655,0.0005300111653003415
-122.333048,40.61331,0.0002231779066753436
-122.106795,37.83997,0.00034588071052441027
-122.673261,38.341023,0.00031480894427879423
-117.900911,33.662686,0.0005124189899457964
-118.283858,34.021058,0.0005247732428190436
-119.087141,34.429009,0.0005220290935275322
-119.661932,34.449265,0.0005109646130746296
-118.028402,33.977625,0.0005253149632447202
-118.340692,34.209226,0.0005287812273157136
-122.182212,37.431746,0.00036199919739374995
-118.384651,33.98764,0.0005227524651227566
-119.695655,34.418961,0.0005099067414433481
-117.768624,33.655684,0.0005126979325293621
-117.158013,33.129115,0.0004764431338136774
-117.734893,33.549425,0.000506692827017481
-121.799216,36.653724,0.00040104229708995507
-115.492718,32.672361,0.0004205015511935673
-119.04356,34.162949,0.0005187306034776132
-118.082964,34.045985,0.0005270344959818095
-118.118491,34.17275,0.0005297828343369435
-105.880943,37.477238,0.00033262441526241333
-104.999181,39.74603,0.00039980879247830317
-104.800296,38.892735,0.0004003545621656238
-105.267061,40.004415,0.0003888466546627499
-105.094836,39.711701,0.0003970766176753474
-104.82422,38.84657,0.0003986868068337709
-105.227148,39.75079,0.00039284271685629017
-105.08083,40.574759,0.00037972170383668156
-104.94118,39.691571,0.0004019414689772107
-104.964625,39.695954,0.0004011848876414321
-107.867003,37.275428,0.0002951846976628112
-108.540281,39.076354,0.0003149105961970188
-105.002391,39.742248,0.00039973489765440275
-105.267073,40.014816,0.0003886829363914962
-104.701721,40.403178,0.0003968495170088773
-105.031385,39.78976,0.00039848186248350075
-104.579846,38.309219,0.0003934023235018421
-106.91971,38.547421,0.00033588005671981183
-104.905511,39.747969,0.00040272321518501283
-104.760241,38.840858,0.00040065581203464366
-72.923848,41.332519,0.0023903955659109037
-73.189352,41.165587,0.0024356472454450774
-72.770094,41.690258,0.002330177009615482
-72.767972,41.688246,0.002330161528834682
-72.107321,41.379833,0.0022485967464989528
-72.249519,41.808205,0.002227518702446316
-72.218753,41.721673,0.0022361028741577
-73.25778,41.160732,0.002445960947109637
-72.673916,41.773462,0.0023016973775759043
-72.714965,41.796485,0.0023038260713387076
-72.095337,41.328075,0.002248159017609437
-72.961472,41.291314,0.0023980484729830055
-72.895542,41.419527,0.002380618512349141
-73.24461,41.221548,0.0024433084818111274
-72.730489,41.783028,0.0023086293386280123
-72.948806,41.331852,0.0023943474725191447
-72.688684,41.746746,0.002308567966569917
-72.656755,41.55678,0.002330030489134074
-73.444264,41.400365,0.002462430583348577
-72.926688,41.311158,0.0023917993375286305
-75.54053,39.187173,0.002231801475382517
-75.7536,39.679791,0.0024481553869868675
-75.527377,39.16325,0.002220103532589685
-75.586998,39.682299,0.0024348107770171667
-77.090106,38.937802,0.0022422003768722246
-76.998961,38.935796,0.0022362641082065496
-77.066247,38.943819,0.0022434371206861807
-76.993675,38.907371,0.002223862993563189
-77.047871,38.89865,0.0022232569769883317
-77.073463,38.908809,0.0022290111997679283
-77.019478,38.920739,0.0022310387819680783
-77.004261,38.927398,0.0022329998053578002
-80.196136,25.878865,0.00026812788730717614
-81.031429,29.210193,0.00043262064254199546
-80.123851,26.382777,0.0002950841893395912
-80.355002,25.795162,0.00026404429027329293
-81.198805,28.60106,0.00040688636893463194
-82.697305,27.963556,0.00039245368396253057
-82.685992,27.718996,0.00037836868065820083
-81.684817,30.34513,0.0005396969818925605
-81.0495,29.189244,0.00043199268391308146
-84.285664,30.428599,0.0006213505108072341
-80.102293,26.372536,0.0002943589789517869
-81.315256,29.89335,0.00048602736901267246
-82.383446,28.034911,0.0003948204027140536
-80.624628,28.064503,0.0003737420885278819
-80.377591,25.757111,0.0002618827759949001
-80.270672,25.917854,0.00027078622911686087
-81.945791,28.031507,0.0003911224709220346
-84.294801,30.4421,0.0006232661852500173
-82.361195,29.638248,0.0004958162123670605
-81.60706,30.350349,0.0005374257345147226
-81.610068,30.328002,0.0005352661551862441
-80.163959,26.185869,0.00028504880031076036
-80.257156,26.099656,0.0002809898811947708
-80.27645,25.720406,0.0002592836599791914
-82.385976,27.983466,0.00039203473375805
-81.507853,30.270917,0.0005259148981550517
-80.24248,26.079337,0.00027976269168805457
-80.049758,26.704629,0.0003100331538926426
-81.348716,28.591992,0.0004094353213393651
-82.257287,28.336776,0.00041011387607734645
-82.717331,27.90242,0.00038900244364692096
-82.415876,28.056647,0.00039622157653846165
-80.256265,25.920915,0.0002708826279233415
-81.301604,29.036295,0.0004303632567104436
-81.918997,28.031864,0.0003908827368282699
-82.465582,27.947225,0.0003904939403971613
-81.599972,27.825751,0.00037776076561781317
-81.532325,27.838798,0.00037767803796336194
-87.218125,30.542855,0.0006690457379232366
-80.17007,26.18748,0.0002851829123036601
-82.55858,27.384925,0.000359070686995249
-81.741241,26.277222,0.00029472076742670497
-81.875619,28.810799,0.00043038213966306013
-80.108331,26.391218,0.0002953719083411779
-82.4168,29.65601,0.0004986046886988233
-80.164797,25.894337,0.00026883108111980535
-81.773578,26.464262,0.0003060748278438483
-80.316377,25.683673,0.00025726623204374075
-84.341098,30.444664,0.0006244859812893334
-81.441082,26.33711,0.0002986706064949956
-82.635657,27.762618,0.0003807706688980135
-82.562951,27.391766,0.00035946398925941557
-81.254951,28.55147,0.0004057559767042087
-84.29563,33.769996,0.00119977885278062
-84.14306,31.571395,0.0007901238320080309
-81.160409,31.978109,0.0007459614776583572
-85.184285,32.879467,0.0010452645268772577
-84.412818,33.748772,0.001196775843332084
-85.189077,34.289254,0.001277384435540117
-83.821513,34.303117,0.001284966793043695
-82.586136,32.185718,0.000851892742485275
-84.328174,33.594079,0.001169229287457879
-84.940796,32.501556,0.0009737584799872249
-85.37496,34.963327,0.00135835365703045
-85.00289,34.77496,0.0013448484236006108
-83.146825,34.282617,0.0012721993799623098
-84.325782,33.798836,0.0012049100218489714
-83.895548,32.538163,0.000962475012825986
-84.396019,33.773732,0.0012009729908298934
-84.217755,32.058198,0.0008788780781247554
-83.231962,33.082787,0.0010516377327133921
-81.782201,32.427756,0.0008622987033526247
-84.38667,33.7527,0.0011973221210460343
-83.374049,33.956428,0.0012204378650638517
-84.58083,34.03629,0.0012446165975650788
-85.041394,33.039713,0.0010737289727651175
-84.514156,33.932104,0.0012278212285479415
-83.651042,32.829731,0.0010133182495649837
-84.415156,33.74793,0.001196642344908597
-83.985934,34.530254,0.0013206485879582142
-84.334756,33.875939,0.0012180380588824053
-81.991199,33.469259,0.0010812087587510223
-83.543216,34.56663,0.0013237211251335525
-84.554657,34.318874,0.0012881934589575007
-81.063377,32.024781,0.0007489941210270363
-85.196213,34.258192,0.0012728964379166573
-84.410118,33.74519,0.0011961479662475447
-84.519276,33.938992,0.0012289523944692712
-83.981478,30.813954,0.0006669224629556881
-83.353462,34.59554,0.0013260981706013323
-83.745972,34.594437,0.0013293853695779286
-83.289925,30.849236,0.0006536981721664423
-83.717186,32.874648,0.0010237422281735014
-85.099007,33.574421,0.001167523401247687
-84.001135,33.979915,0.001233409729865382
-84.482301,33.92764,0.0012270570201338422
-157.807642,21.290274,7.654281976615941e-05
-155.081329,19.701854,6.145850552515693e-05
-157.816607,21.292648,7.651495692737616e-05
-157.859411,21.31028,7.639572688103686e-05
-158.062444,21.353359,7.566445737196426e-05
-157.925358,21.641172,7.622137715081885e-05
-157.860023,21.309273,7.639070578887402e-05
-116.205789,43.604403,0.0002288738505481504
-112.429084,42.864108,0.00021053675271891255
-117.024296,46.726894,0.0002520592974480632
-116.676838,43.652653,0.00023301122236417428
-117.026371,46.410034,0.0002575599134885072
-116.564792,43.563181,0.00023125912245312068
-111.784728,43.815384,0.000190106317149157
-90.552402,41.500326,0.001520327379275702
-88.349469,41.754465,0.001737824831678028
-89.872248,39.288298,0.0015107478721770307
-89.61462,40.697605,0.0016510745794385414
-87.610344,41.718813,0.0018189843073660782
-87.601196,41.78917,0.0018092000514642154
-87.624554,41.873589,0.0017929896544490887
-87.810009,41.898574,0.0017704537265174544
-87.654116,41.923332,0.0017814094479480973
-87.624793,41.871309,0.0017933557167778657
-88.175505,39.483017,0.001715523972827885
-87.946096,41.899215,0.001756879688237565
-89.268952,40.713042,0.0016918001456224375
-87.717012,41.448603,0.0018411126613802323
-89.409178,38.894751,0.0015075943038548349
-87.651145,41.872651,0.0017905322208797698
-88.095948,41.776395,0.0017609570428727022
-88.230309,40.108864,0.0017801989951425911
-88.990622,40.491522,0.0017175449855051802
-90.246256,39.730827,0.001518777671681654
-87.628346,41.833801,0.0017992924017141531
-88.99234,40.509724,0.0017181126450776056
-88.289708,42.05896,0.0016950998430433554
-90.370316,40.941829,0.0015635706903245597
-87.830777,42.250456,0.0016991434394699819
-88.079032,41.605432,0.0017853198421032201
-89.360552,40.157141,0.0016548581022064587
-87.657399,41.999161,0.0017671301140694538
-90.22175,39.730226,0.0015213952006667285
-89.814486,38.609431,0.001431042678440248
-88.974571,39.842604,0.001670541313728235
-90.637909,40.91459,0.0015322843150584948
-87.624805,41.879826,0.0017918950480297232
-88.143649,41.775304,0.0017562125028045819
-87.709142,41.9751,0.001766679886976239
-88.766065,41.933791,0.0016686604049307053
-87.673653,42.058377,0.0017540810316634514
-87.72013,41.980567,0.0017646092222932913
-87.873654,41.155489,0.001845992945914715
-91.387928,39.939235,0.001411007308235769
-87.627068,41.876278,0.0017922819751993817
-89.019536,42.270639,0.0015848813087662888
-87.624952,41.876055,0.0017925282285958467
-87.821872,41.902834,0.0017685561113541363
-88.096368,41.533341,0.0017916301613406362
-87.713507,41.707763,0.0018100478512075601
-89.614917,39.729862,0.0015878687687817079
-87.62713,41.83217,0.001799681441253173
-89.217618,37.71921,0.0013740293426077726
-89.997779,38.793949,0.001437020646970791
-87.784157,41.669189,0.0018081184258153333
-87.882722,42.197909,0.0017059088960697708
-90.685235,40.465621,0.0015193049233517295
-88.09681,41.870943,0.0017464447240730045
-85.662292,40.112167,0.0020693620675744286
-85.408863,40.198942,0.0021053873675353253
-86.191642,41.677671,0.0019664010074112405
-86.171791,39.840662,0.0019821125453339423
-87.492987,41.670925,0.0018378354414788863
-86.863556,39.63953,0.0018794294938700843
-84.911464,39.822278,0.00211533918020345
-87.531963,37.969955,0.0015497633642286128
-86.047182,39.478298,0.0019427015191138268
-85.826766,41.564254,0.0020206299316332527
-85.813931,41.226473,0.002063805162673913
-85.461086,38.712488,0.0018606453677827016
-86.253668,41.699982,0.0019565556482700015
-85.499624,40.89907,0.002117278054444454
-85.111747,41.115418,0.0021465234373231916
-86.172217,39.772948,0.0019731245901690444
-86.134747,39.709671,0.001968428881762608
-87.67666,37.966188,0.001536805817389805
-87.407085,39.46873,0.0017962904855031376
-86.132096,40.459913,0.002043122688526178
-86.222958,41.665746,0.001965369658923907
-86.526904,39.166383,0.001840970167566107
-87.338457,41.556723,0.0018689472984755623
-85.819376,38.342992,0.0017583227883008093
-84.886187,39.867099,0.0021242558878345618
-85.758762,41.011609,0.002084817766765852
-86.204599,39.81534,0.001975235489889726
-85.661991,40.518495,0.002097908687345679
-86.104771,39.79844,0.0019838989476787046
-86.238959,41.703058,0.0019574444642862835
-87.351611,38.339606,0.001621872590131205
-87.47376,41.584742,0.0018513619193524621
-86.89523,41.583788,0.001910947609182676
-85.173694,41.087772,0.0021421513833850933
-87.155541,40.923438,0.0019347069292566846
-87.460126,39.510543,0.0017965601471602029
-86.256947,41.707274,0.0019549713091220017
-85.496906,40.458382,0.002113526555461929
-85.005696,41.633389,0.0020878463227505203
-87.045853,41.463176,0.0019106253244562195
-86.905809,40.037799,0.001923456901959338
-86.914435,40.428206,0.0019533736675554293
-85.108364,41.176826,0.002141633085208076
-96.42696,42.526919,0.0007957263084403124
-95.208053,42.642529,0.0009029660981876764
-92.918664,41.400236,0.0012519117709094362
-90.691512,42.508619,0.0013787165010127884
-91.657535,41.986383,0.0013509489856929702
-91.425435,41.925982,0.001383276252006487
-96.166319,43.08396,0.0007683042643211591
-93.654062,41.60381,0.0011569783416242034
-90.693568,42.498027,0.0013803805842714848
-93.924893,40.615966,0.001155993453247179
-93.605016,41.620909,0.0011614346967503777
-92.721246,41.747048,0.0012528635014765629
-93.648353,42.026368,0.0011258369382445928
-91.552588,40.973689,0.0014242735788127059
-91.535698,41.660695,0.001395240282276094
-90.680232,42.504131,0.0013806157313595514
-91.803971,43.313584,0.0011230056540501787
-91.967306,41.017781,0.0013751007682714436
-96.360738,42.47324,0.0008065439827186315
-91.650991,42.001931,0.0013499779973825544
-92.459703,42.514923,0.0011987984710032428
-96.058382,42.998955,0.0007864667357186665
-90.58098,41.540081,0.0015141533261241154
-93.563471,41.365503,0.0011799701826291748
-91.799663,42.840293,0.0012133079693910109
-92.480933,42.727629,0.0011657577051190561
-92.648348,41.308868,0.0012872229700473267
-95.188231,38.777278,0.00096875568230475
-95.111424,39.572953,0.0010148768782404281
-97.673173,38.5786,0.000768202345372167
-97.342572,38.07525,0.000768323656130287
-97.667373,38.357964,0.0007590489582905585
-94.65103,39.112227,0.0010339627833672316
-96.179454,38.412583,0.0008699996831331088
-99.340493,38.872436,0.0006645538428153772
-97.366666,37.678495,0.0007471233836814874
-95.24587,38.957351,0.0009742109363882694
-97.378803,37.672306,0.0007460068143295191
-96.581077,39.188616,0.0008745776599366101
-97.609476,38.813923,0.0007820839741363259
-97.6443,38.371464,0.0007612693150785198
-94.782586,38.872608,0.001008301797555025
-95.263776,38.602899,0.0009521825788682519
-94.68937,38.930925,0.0010198175929983563
-94.704782,37.3913,0.0009165974769660911
-94.906935,39.277308,0.0010202746574971178
-96.9783,37.2493,0.000752400240355764
-98.209966,38.219783,0.0007158076874708607
-97.20096,38.348606,0.0007916041802107109
-95.702325,39.034977,0.0009401209703025602
-97.296733,37.716484,0.0007536985703048096
-95.263775,38.602692,0.0009521700771007971
-82.875068,37.335087,0.0017440839323018026
-84.662606,37.862029,0.0017573069812176667
-85.7049,38.219138,0.001745173375064321
-84.289332,37.573334,0.0017268428835474385
-87.111533,37.768989,0.0015562104384197089
-85.348943,37.343342,0.0016246824789442318
-84.779175,37.645102,0.0017099834406045732
-84.162375,36.736489,0.0015987421186006434
-84.301356,37.740396,0.001757366338898985
-84.554583,38.207934,0.0018336179680696466
-84.855488,38.201056,0.0018095392380154062
-87.121984,37.744667,0.001551924160534352
-84.509177,38.032393,0.0018011090719553151
-82.946883,38.339002,0.0019717402531756884
-85.299909,37.101853,0.0015933208832709007
-85.758843,38.215752,0.0017400826668478456
-88.648361,36.815418,0.0013300022832467566
-84.679335,38.144432,0.001811430342809944
-83.429742,38.188462,0.0019060804086457783
-88.323493,36.61241,0.0013376327396597356
-84.465959,39.029221,0.002015938217390479
-82.520265,37.478835,0.0017850325545455015
-85.261372,37.708833,0.0016886568676143048
-85.75905,38.241815,0.0017448229109725654
-84.568923,39.022963,0.0020052146614029523
-84.493883,38.053236,0.0018063774991483072
-83.887982,36.869066,0.0016281827996018543
-86.455898,36.985718,0.0015053227860225883
-93.731518,32.483004,0.0007936543920792747
-90.065348,29.996468,0.0005910766488439957
-92.717367,32.522702,0.0008323902077521635
-92.414409,31.178616,0.0007169885447328676
-91.196656,30.552111,0.000657897371797383
-93.703762,32.428768,0.0007912576025092131
-92.425567,31.322286,0.0007321950925767076
-92.64964,32.525518,0.0008349396072313712
-90.120417,29.936141,0.0005826971286274539
-93.215648,30.180762,0.0005895139852165819
-90.068506,30.028539,0.0005953992522174261
-90.802906,29.792689,0.000560168041310381
-92.073855,32.527957,0.0008546361917557982
-93.097715,31.750675,0.000758575029891273
-89.997055,29.912539,0.0005800106426845928
-90.468558,30.51358,0.0006584967324743475
-91.190105,30.524558,0.0006544071958984851
-90.044379,30.02669,0.0005952497916562619
-92.01941,30.215283,0.0006072447488673407
-90.120409,29.939696,0.0005831771929369273
-90.107307,29.964162,0.0005865363718358542
-68.228849,44.399584,0.0007821492038643986
-70.203333,44.105299,0.0011154510425726968
-69.965165,43.906969,0.0011671300521850347
-69.66337,44.564211,0.0008787240333354847
-68.791323,44.828888,0.0007054260887011281
-69.796396,44.337746,0.0009780783501416397
-70.147469,44.668,0.0008839757608443319
-68.588364,47.250306,0.00017410942180263629
-67.456534,44.709895,0.0006119541922334672
-68.673839,44.895966,0.0006739627197055645
-68.803214,44.3873,0.0008510797032561697
-68.016516,46.672377,0.0002339945439467
-70.385882,43.458172,0.001403428733209235
-70.483486,43.82651,0.0012646756706660796
-70.276002,43.662637,0.0013058617549741053
-69.662923,44.524046,0.0008936206821682126
-69.332276,44.603165,0.0008322785227743046
-76.616591,39.305834,0.0023670049037301842
-76.759721,39.018185,0.002256929269649754
-77.00131,38.987206,0.0022581417838528945
-76.658547,39.310786,0.002371489814350882
-78.933871,39.651509,0.0025296128905541028
-76.594843,39.410175,0.0024066950878093643
-77.419282,39.421908,0.0024481781087761887
-76.620799,39.32838,0.0023762310772114754
-76.623417,39.346044,0.002383369864945805
-76.954104,38.986299,0.0022550858421543176
-76.711607,39.256686,0.0023529429363509146
-76.939704,38.988607,0.002255232083370373
-75.687227,38.211188,0.0018037571051101463
-76.584238,39.344235,0.002380300743740561
-77.35222,39.680632,0.002535074870912056
-76.619701,39.351307,0.0023852215746203637
-75.605705,38.345447,0.0018559565165183296
-76.425706,38.188615,0.0018659570918484831
-76.598191,39.296333,0.0023620795203990064
-76.491397,38.981513,0.0022231410776059647
-76.612268,39.393008,0.0024010771810112934
-76.888025,39.165872,0.002326087887875607
-76.701247,39.421264,0.0024170140898033916
-76.06878,39.217329,0.002291955406593067
-77.001662,39.584879,0.0024912038880763837
-72.558507,42.112708,0.0022090032148325664
-72.518493,42.372459,0.0021256404704877514
-71.918961,42.33055,0.002049797914334423
-71.828387,42.295435,0.0020454552281563127
-72.583974,42.055364,0.002227629287821485
-71.811895,42.26918,0.0020501478327994522
-71.220148,42.388798,0.0019159466134426406
-71.171488,42.337688,0.0019213658118958788
-71.09984,42.349581,0.0019053104200323359
-71.254716,42.364947,0.00192868755612995
-70.966058,41.987785,0.0019608778389022716
-71.11084,42.369193,0.001901986309366421
-71.823537,42.251064,0.0020570628016599
-71.114007,42.240616,0.0019357839737149075
-71.011238,42.271214,0.0019092771676375703
-71.074037,42.35532,0.0018991169911929185
-71.103038,42.341191,0.0019081276507886354
-70.840729,42.554177,0.0018008020311981493
-71.074125,42.355253,0.001899150847704481
-71.789354,42.589345,0.001946133206684099
-71.437175,42.297289,0.001979096334226076
-70.819133,42.588173,0.0017867072807752728
-72.532401,42.324772,0.00214304891304772
-71.118177,42.374429,0.0019018679173863524
-71.808627,42.238942,0.0020579030249649605
-71.243738,42.342712,0.001932865071578791
-71.115601,42.378429,0.001900309642476689
-71.325081,42.65372,0.0018511950980466152
-72.52613,42.386105,0.002122163704758389
-71.038653,42.314541,0.0019034018483993374
-71.092115,42.360095,0.0019010919431470426
-70.623953,41.740538,0.001925517311363021
-71.124216,42.668352,0.0018133684331217035
-72.573625,42.257588,0.0021697666051161647
-71.194658,42.293205,0.0019372550259779324
-71.142082,42.331032,0.001917864945756416
-71.929644,42.042462,0.0021269746875594068
-73.1035,42.692427,0.002076444660961125
-71.088782,42.339992,0.0019058704034562001
-72.601541,42.14179,0.0022073507845122935
-71.156973,42.319568,0.001923577894038199
-70.889321,42.502879,0.0018246090730508818
-71.099967,42.3393,0.0019080759552639762
-73.380008,42.209241,0.002287412984599312
-72.638094,42.317933,0.002159783386925684
-72.555688,42.105033,0.00221062964044249
-71.005528,41.628861,0.002016135623817368
-71.078123,42.061448,0.001968794583871067
-71.061969,42.359088,0.001895925704659501
-71.120641,42.406004,0.0018935423227964395
-71.307966,42.293765,0.0019573599690196554
-71.094983,42.336632,0.0019078827091163755
-72.518789,42.115837,0.0022023359851564067
-72.795673,42.131589,0.0022374710608254206
-71.184167,41.966813,0.0020071303659768146
-71.10582,42.342503,0.0019082801200962227
-73.205888,42.711669,0.002078897232326942
-71.808792,42.275067,0.002047998162777777
-71.844019,42.267534,0.0020558680116146678
-84.059947,41.898449,0.0021131186794398405
-84.746088,42.244603,0.0019562230991380133
-84.670073,43.379236,0.0015181887364599095
-86.355149,41.963266,0.0018954796284663827
-85.626166,42.960449,0.0016446138508976686
-84.170882,42.987045,0.0017144010781965553
-83.694679,42.974764,0.001745858259225303
-85.587548,42.929916,0.0016584636066487568
-84.775275,43.591137,0.001419789404798334
-83.682676,42.274723,0.0020278767754553593
-85.529655,42.849713,0.0016921171922849017
-83.138369,42.417168,0.0020154888082723073
-83.624499,42.245751,0.002042347548910138
-85.483509,43.687464,0.0013536042560945492
-83.714356,43.013112,0.001727653767652711
-85.692077,42.919541,0.0016562916947530483
-85.595602,42.979044,0.0016392221960886651
-85.887519,42.965208,0.0016278348346671473
-86.105376,42.788052,0.0016784475508706672
-85.601317,42.290382,0.0018754219956759273
-84.3655,46.491736,0.0003866512434037995
-83.25003,42.474072,0.001985319574100697
-83.407306,42.386463,0.0020078349626175725
-83.154109,42.414415,0.002015428292036654
-83.144959,42.667521,0.0019129855736108277
-83.74313,42.276172,0.0020227930015648482
-84.473639,42.72476,0.0018050317939866162
-88.546403,47.1183,0.00034141147566906166
-83.231417,42.317287,0.002046479787490682
-83.688474,43.018777,0.0017265044113625309
-86.196717,43.244133,0.0015052991360612656
-87.403857,46.558037,0.0004178832884449519
-83.218866,42.672586,0.0019060634657518567
-84.922864,42.440908,0.0018788596993477777
-85.592657,43.02195,0.0016228001876012282
-83.96434,43.55187,0.0014672091667253466
-84.015144,41.905952,0.0021149694284477833
-84.551918,42.206233,0.0019834100371888294
-88.589392,47.12709,0.00034071186738334174
-83.072864,42.35861,0.002042714350797065
-85.61512,42.282589,0.0018766254859191554
-82.469672,42.978709,0.0018124055538358958
-83.249027,42.659868,0.001909497740083499
-82.90907,42.553231,0.00197675416082443
-85.380045,44.268014,0.0011093141814370062
-84.451226,42.278175,0.001968245901364069
-83.694495,42.974759,0.0017458706234363673
-83.183286,42.478209,0.001988354163697768
-83.203166,42.274542,0.002064190291466739
-85.178861,42.333225,0.0018950664726260606
-93.241418,44.965636,0.0007044481507601027
-94.874529,47.482505,0.0003096821019982262
-93.990744,44.166485,0.0008032067038164784
-93.159295,45.057091,0.00069099486540544
-93.154662,44.462304,0.0008021275815939754
-96.765567,46.859423,0.00034173087922799927
-93.154369,44.951231,0.0007107120172790325
-94.473422,44.3046,0.0007497666491754073
-93.971928,44.324968,0.0007784232395379896
-93.163983,44.965696,0.0007076403900746652
-93.169855,44.936709,0.0007127532864878043
-93.998494,44.147253,0.0008058207216182973
-93.074153,44.957017,0.0007129332585142958
-93.235352,44.977886,0.0007024610939941606
-96.609863,47.802021,0.00025977884928230096
-92.085177,46.818896,0.0004093851993045264
-95.901756,45.589829,0.0005021948350948112
-96.763376,46.866482,0.0003411169177735158
-93.261429,44.969389,0.0007029306175833005
-93.171579,45.032969,0.0006949439020339239
-94.31902,45.558609,0.0005655085250371173
-94.153,45.552418,0.0005720293180908113
-94.39268,45.580538,0.000559744678259966
-91.696652,44.045322,0.0009711596473172851
-93.183633,44.462884,0.000800433340450853
-93.743015,44.885372,0.0006965065117541963
-92.105738,46.81544,0.0004098463365068788
-93.189422,44.941662,0.0007110189497157395
-93.181925,44.924542,0.0007144935667562522
-95.75983,44.455023,0.0006463313403606947
-91.64447,44.046572,0.000973893544341957
-92.466919,44.020617,0.0009295789886657567
-91.142854,31.877216,0.0008175665872232208
-90.169228,32.318415,0.0008896372502363685
-89.02924,34.67209,0.0011630981144067033
-90.734378,33.743896,0.0010039506980166902
-90.20663,32.296781,0.0008862179669816647
-90.178084,32.3231,0.000889957021375494
-89.539377,34.362144,0.0011118092937446467
-88.418601,33.493305,0.0010816495290485951
-90.341274,33.514142,0.001004363939705793
-90.330452,32.334565,0.0008874112404521311
-88.78834,33.455241,0.001063480298784774
-89.446999,34.776862,0.0011455686204222954
-89.33791,31.327499,0.0007765228190506726
-90.159405,32.402719,0.0008995564491576404
-89.291815,31.305264,0.0007738684622012642
-94.591387,38.912159,0.0010270363865560793
-92.685276,39.150534,0.001216429303777927
-93.737445,38.755882,0.0010897160654490903
-92.326544,38.957899,0.0012333975791047947
-91.526682,40.130064,0.0014075687456742195
-93.285773,37.219757,0.0010084843039967523
-93.262614,37.220956,0.0010102632721280046
-90.315712,38.642697,0.0013880658018371355
-91.391423,39.730785,0.0013950421480602797
-90.224288,38.631744,0.001395305813274362
-92.168509,38.564409,0.0012105176757187684
-90.502825,38.788203,0.0013878453900803178
-90.505096,38.645474,0.0013706673144635217
-90.462606,38.642017,0.0013742274808001408
-94.460893,37.095722,0.000916477099041417
-93.190236,39.108655,0.0011657044225559386
-94.785643,39.7575,0.0010519096753375749
-92.326429,38.941015,0.0012318618761569383
-94.578039,39.035366,0.0010358024398300102
-91.7759,37.955853,0.0011849514410467092
-90.308886,38.711297,0.0013970454847835108
-92.580531,40.188238,0.001294007082713786
-94.884341,40.352706,0.0010544821751010593
-93.238174,36.616019,0.0009764177192452792
-94.677086,39.189477,0.0010360349314526862
-94.571249,39.030843,0.001036120033174845
-90.23343,38.636516,0.001395032763052303
-93.410451,37.601603,0.0010260182530325173
-92.322997,38.950631,0.0012330630016408174
-89.529119,37.31575,0.0013061731992175028
-93.276821,37.197983,0.0010077023533376281
-90.311639,38.648125,0.0013891071836941295
-90.345654,38.589269,0.0013787988903064918
-91.954345,38.847764,0.0012575858883446217
-94.41207,39.247848,0.0010630333208315461
-91.949273,38.857864,0.0012590471551323498
-92.686156,39.150383,0.0012163332968537094
-112.04053,46.602202,0.0001782472739261413
-108.523009,45.796896,0.00015767031737202252
-111.270167,47.490279,0.00015418043026381125
-112.557,46.012164,0.00019034624112689542
-111.049918,45.666829,0.00017357892177881522
-113.98294,46.861074,0.000201694853279532
-109.686457,48.541054,0.00011771072416766973
-108.553899,45.796765,0.0001577193521799324
-112.639264,45.208306,0.00019316843702010995
-95.91764,41.150225,0.0009357878729993016
-103.002793,42.820672,0.00032666000554073594
-97.089054,40.914853,0.0008322607737941149
-95.947029,41.265325,0.0009280067738050118
-96.949656,40.623107,0.0008534280266417272
-95.92789,41.244723,0.0009308397797766564
-98.373641,40.590448,0.0007333340091512434
-99.098237,40.700787,0.0006740807274218467
-96.488354,41.43675,0.0008660720152685433
-96.010797,41.257746,0.0009219387058183963
-96.648414,40.838789,0.0008754741632241953
-96.702177,40.822272,0.0008709331552526499
-95.732731,40.474689,0.0009701173842147947
-96.020209,41.240879,0.000921737798534961
-96.651095,40.774778,0.0008770548922230328
-97.014241,42.241612,0.0007636250657078949
-97.579285,40.867453,0.0007903151196974596
-96.650758,40.815541,0.0008759390166812165
-115.141153,36.106994,0.0004218761913124434
-119.821651,39.549352,0.0002809384339014945
-115.76733,40.84242,0.00024995774365201397
-119.939523,39.24586,0.0002941906834554438
-114.938929,35.987249,0.00042489149796346625
-71.975805,43.411663,0.0016270899287455258
-72.289951,43.70408,0.0015160692188660413
-72.057875,42.782305,0.0019130228898661837
-71.822928,43.177005,0.0017164136623106126
-71.453938,43.039892,0.0017256801427318336
-70.934512,43.134235,0.001612571441854426
-72.281433,42.925999,0.0018827390013629725
-71.468764,42.990331,0.0017478464024051831
-71.691164,43.757386,0.0014323650220501134
-71.455466,42.738343,0.0018421508661077913
-71.508177,42.985066,0.001755572628700469
-71.527241,43.1929,0.0016715119053580382
-71.48364,42.807701,0.0018209527774227438
-72.293798,42.932344,0.001881532912939859
-74.19593,40.794218,0.002556096747174206
-74.273697,40.834285,0.0025688595376671505
-74.832775,40.848693,0.0026289810133785178
-74.425825,40.757026,0.0025793182252068186
-74.030023,40.896162,0.0025438150934025214
-74.096452,40.867272,0.002550073705469498
-74.435359,40.777364,0.0025823856973159172
-74.22622,40.098706,0.002422498192946802
-75.117974,39.709768,0.002399450246096979
-74.08727,40.709937,0.0025334309277022346
-74.234668,40.679429,0.00254791768999936
-74.006447,40.280066,0.002442044930008837
-74.199455,40.859233,0.002561995917144447
-74.177113,40.741997,0.002548420999261035
-74.663708,40.348496,0.0025398876898446985
-74.116384,41.007523,0.0025595952620395
-74.742822,40.283122,0.002533707814159433
-75.125303,39.948628,0.0024814051566223547
-74.45051,40.503796,0.002546546585462545
-74.175294,40.741303,0.0025481199704506185
-74.071541,40.727105,0.0025335027191001553
-74.248753,40.742859,0.0025572175438774484
-74.436039,40.781061,0.0025828102196602414
-74.025334,40.744776,0.0025296336711025445
-74.531087,39.492036,0.0022468648025388387
-74.769652,40.22011,0.002521225846479698
-74.777412,40.268742,0.002534050535517164
-74.199465,40.946256,0.002567198398763844
-103.347294,34.17826,0.00038072104746285595
-105.222824,35.598982,0.000325363698143192
-106.907491,34.066035,0.0003121393925859608
-106.620155,35.083868,0.00030867770728660606
-106.747841,32.282875,0.00027702940479415515
-106.084395,36.004073,0.00030979780433878465
-103.186948,32.775496,0.0003788133288956139
-108.284768,32.776962,0.00029066303478408737
-105.912226,35.666789,0.0003128822075602356
-73.881721,40.768348,0.00251339443546373
-73.653321,40.721439,0.002476143426862331
-77.788625,42.255866,0.0024200229621345526
-73.906243,42.021803,0.0024006952887703037
-73.964027,40.809137,0.0025284084309755593
-73.9458,40.833434,0.002528250995480153
-78.851794,42.925319,0.0020440436382517468
-75.854054,42.931946,0.002113406211069662
-74.999947,44.663761,0.0011227603100183062
-75.535,42.8188,0.0021681465417582022
-74.007056,40.723516,0.002524779613404347
-73.961885,40.808286,0.002528049382118115
-73.82212,40.94253,0.0025197874357946854
-73.990516,40.72938,0.0025233290558873043
-76.48269,42.445291,0.002359391173828031
-73.983417,40.740238,0.002523678300532535
-73.95312,40.631912,0.002505286706704994
-74.148701,40.603949,0.002526501944634671
-73.95055,40.819794,0.0025276484530730938
-73.983575,40.748503,0.002524645853719896
-73.964795,40.768669,0.002524419717823593
-73.988381,40.770675,0.002527704862289773
-73.894627,40.873928,0.0025248641143308026
-73.957076,40.666256,0.0025107728959733503
-73.987856,40.695483,0.002518765760019049
-73.815387,40.737771,0.0025009056989981626
-73.794586,40.702661,0.002493634856077021
-78.890369,42.902263,0.002054667085740734
-78.789025,42.965024,0.0020253570752678082
-73.95234,41.054111,0.0025405637660600527
-73.164816,40.746051,0.002404873113995071
-76.811333,42.092724,0.002505719067065257
-73.994781,40.74731,0.0025259689605253367
-73.889578,40.861183,0.002523209922555534
-75.408853,43.047809,0.0020443200232929757
-75.073609,42.454023,0.002326859485649916
-78.82029,42.75505,0.0021364609311785594
-76.984813,42.858562,0.0021470024751365537
-73.60078,40.715959,0.002467839734123971
-78.156882,42.426841,0.002329833364240081
-73.785635,40.927107,0.0025140195073201734
-76.495057,42.42264,0.0023696895030366682
-77.090518,42.61541,0.0022712860100282967
-76.088449,43.047316,0.002051653044891044
-73.980872,40.690134,0.0025171500827258823
-73.593279,40.820043,0.00247868343962635
-73.287113,40.803845,0.002431121981722675
-73.901893,40.889756,0.002526971496597481
-73.718316,41.031054,0.0025096478653573854
-73.934342,41.721955,0.002476800168256662
-73.959676,40.769108,0.002523797412117178
-78.856569,42.92895,0.0020418334860606816
-73.874571,41.021436,0.002529959926236185
-73.626278,40.68597,0.0024675046951689703
-74.012906,41.511212,0.002520614303552533
-73.907019,40.912814,0.0025291772510132255
-77.514417,43.102406,0.0019986311915049797
-73.781104,40.899427,0.002511596998798169
-73.994636,40.735275,0.002524562357221469
-73.997264,40.729452,0.002524217019146667
-79.046229,43.132713,0.0019196127601713432
-73.608885,40.814402,0.002480365828824674
-73.931106,41.086425,0.0025382732900823685
-74.004719,40.711014,0.002522943576292786
-74.253006,44.437366,0.001233043647995552
-73.986774,40.694371,0.002518479434350399
-73.678768,42.728983,0.002115374611821155
-77.798964,43.126747,0.0019755971412411446
-77.67521,43.090325,0.0020004852170005393
-77.631042,43.126437,0.0019813306432261662
-73.693711,42.72821,0.0021169834489435943
-78.47586,42.07863,0.0024647321391401047
-73.991653,40.693076,0.0025189510000547407
-75.161343,44.589879,0.0011629205969499058
-73.78611,42.664664,0.0021529344730519084
-73.934182,41.041126,0.002538043498993854
-73.84381,40.934147,0.002522184301304328
-73.75153,42.718586,0.002126121991301662
-73.785108,43.092696,0.0019489502553875712
-73.968037,40.690485,0.0025155042323476663
-77.516979,43.117064,0.001990200357439159
-73.795301,40.721979,0.0024962076935356394
-77.791057,42.258745,0.0024187113917486323
-75.185005,44.607346,0.0011536652701466508
-74.924225,42.270129,0.0023947853870710015
-74.504897,42.661622,0.0022050184036681705
-73.426371,40.75408,0.002446748524823755
-75.604369,42.891392,0.0021316931976740447
-73.825014,42.686917,0.0021462850677837985
-75.971143,42.088049,0.002501629094733102
-78.790103,43.001433,0.0020052285595514767
-73.123595,40.913138,0.002415627642555353
-76.139236,43.034355,0.0020588679309312147
-75.2292,43.13528,0.0019925435040090375
-77.949824,43.209862,0.0019225168736242515
-78.88067,42.934199,0.002037795235822981
-76.197909,42.590158,0.002290699859218265
-79.336109,42.450961,0.0022593588704059864
-77.821999,42.796864,0.0021572655160030964
-74.088727,41.737205,0.0024898228159328396
-75.064186,42.466555,0.0023210125712229105
-76.543885,43.453047,0.0018153076063062124
-74.976889,44.662862,0.0011230821632924725
-73.700127,41.047092,0.0025076235527233723
-73.570966,40.789842,0.0024723285771575698
-73.467342,44.691103,0.0010791120767475937
-73.779915,43.078304,0.00195588915899586
-73.800336,40.809048,0.0025066155365548576
-76.136738,43.040525,0.002055449839418275
-73.960399,40.810311,0.0025280479589513266
-73.989932,40.742172,0.002524751023760525
-73.862204,42.704887,0.002141223080733035
-73.928498,42.817578,0.002094305838380407
-73.762534,40.812154,0.002501742425456964
-75.272407,43.095183,0.0020155525446567428
-73.894345,41.685105,0.0024795434976565248
-74.09573,40.615003,0.002521436923468238
-76.696512,42.744314,0.0022116716368680003
-73.928541,40.8508,0.00252747582981825
-73.92838,42.816692,0.002094715474595243
-72.6991,40.876143,0.0023413130951499056
-74.012348,40.706861,0.00252341707472347
-81.680234,36.214844,0.0015436937272393192
-77.913805,35.735463,0.0012165444372984851
-81.041847,35.261276,0.001361315904682841
-79.77998,36.067531,0.001437778567931068
-82.729763,35.237657,0.001412840956826858
-78.739508,35.409333,0.0012269500595898267
-80.486575,35.692445,0.0014073171141258816
-77.099141,36.436258,0.0013024340915115187
-80.845236,35.500006,0.001392227612772152
-78.94226,36.00159,0.001364863137822774
-77.366199,35.606347,0.0011336781057078942
-76.210063,36.273539,0.0011634922005241736
-79.505632,36.104149,0.0014277016093151888
-78.894709,35.072485,0.0011759074322999124
-81.668141,35.24732,0.0013862473190179906
-79.800232,36.071082,0.001439753984546138
-79.888848,36.092563,0.0014494841196196534
-79.994545,35.972674,0.0014318509491213869
-80.854842,35.243384,0.0013485998368145391
-81.870998,36.16362,0.0015385515412574295
-81.326161,35.73904,0.0014536274988892536
-80.484459,35.670743,0.0014032952502406424
-82.550859,35.825858,0.0014952362052652612
-78.689175,35.797197,0.0013007855940717372
-78.875024,35.137854,0.001186594031687582
-82.297522,35.645844,0.0014653048808861901
-78.071265,35.206314,0.0011244702043645108
-79.770152,36.076737,0.0014390483494309927
-82.565259,35.616618,0.0014651325035413814
-79.050969,35.912165,0.0013544556099539785
-80.73579,35.306834,0.0013530857116606258
-79.809844,36.067503,0.0014396169358152284
-78.898602,35.974237,0.0013555395209622787
-78.674517,35.785111,0.001297006257738908
-77.774231,36.017443,0.0012654352914888466
-77.875527,34.225223,0.0009196786232727154
-78.636793,35.789105,0.0012945833713924315
-79.201895,34.687231,0.0011301190681062678
-80.283168,35.484696,0.0013580957056424365
-80.832227,35.188929,0.0013379893593019455
-76.217496,36.303765,0.001172240916498188
-78.621806,35.785032,0.0012924321231776426
-80.241357,36.087531,0.0014682032091527754
-78.637693,35.771181,0.0012909218874878284
-79.478385,34.746283,0.0011643910112568677
-80.279004,36.135301,0.0014795444183443758
-82.441097,35.611762,0.0014626668050818142
-80.444465,34.979384,0.0012780668515320435
-80.224905,36.089197,0.0014676650769327073
-83.125447,35.28149,0.0014235519289429474
-80.8509,35.23294,0.0013465905445538184
-102.800511,46.882677,0.0001953653288215088
-98.697209,46.915402,0.0002901937058836378
-100.752386,46.724893,0.0002479781547702824
-97.322545,47.504671,0.00027402805105136284
-101.300624,48.246877,0.00016482572482469303
-97.070823,47.921881,0.00024403202041490708
-96.805689,46.894523,0.00033754172957112277
-98.001762,46.919144,0.0003072445561220335
-81.510328,41.077768,0.0025023082061505185
-82.320621,40.860987,0.0024442874581918766
-81.849112,41.373938,0.0024296828732442302
-83.897678,40.896998,0.0022860804077100617
-83.637531,41.377036,0.002263204627107139
-82.937867,39.954875,0.0023336450335104683
-81.605769,41.500812,0.0024255738399513093
-83.812098,39.750338,0.002217058096976927
-83.876795,39.716465,0.0022050730658979174
-84.51428,39.131159,0.002032626695282215
-82.905986,39.610895,0.002277916118658365
-81.673052,41.502918,0.0024193210925197413
-84.173662,39.73686,0.0021787141536792035
-84.356596,41.300336,0.0022040913041689114
-82.520625,40.072582,0.0023890071977789033
-83.652067,41.05441,0.002300881841231259
-83.166581,41.114337,0.0023434132906004915
-81.141552,41.310998,0.00250200807904983
-81.533103,41.488978,0.002434368991598307
-80.835458,40.86408,0.0025757587054345728
-81.342253,41.146856,0.002509066978685564
-82.397977,40.374408,0.0024306304512743543
-81.251817,41.717841,0.0024013534942992944
-83.706649,41.708694,0.0021916247225479183
-81.383525,40.826516,0.0025312568460772776
-81.450038,39.417638,0.0023508142171095626
-84.731821,39.509642,0.0020839631963194393
-81.108624,40.905093,0.0025510738911618
-82.474667,40.373859,0.002423314196134125
-84.640143,39.094519,0.0020133695930356975
-81.737192,39.996635,0.0024475775904230818
-81.516212,41.506938,0.0024318993183724403
-82.221786,41.29474,0.0024095314690003563
-82.940499,39.99265,0.0023387296873171905
-83.830729,40.766144,0.0022970882534791115
-84.026195,40.737828,0.0022771895278827746
-82.578673,40.797259,0.0024219394912449294
-83.085889,40.579444,0.0023726891684489803
-82.447992,40.068353,0.002395182413514929
-83.009001,39.998389,0.0023329445135910096
-82.101064,39.326799,0.0022822049717797052
-83.067912,40.296912,0.002359831571223137
-82.936231,40.12534,0.0023559359782766268
-82.377359,38.88058,0.002148530183832063
-82.995357,38.730909,0.00206742220580675
-80.623094,40.376086,0.002581755088825747
-83.18355,41.119193,0.0023412512453692643
-83.615225,41.65795,0.002211478041964684
-84.500139,39.126856,0.002033064464788114
-83.760035,40.099881,0.002270861175895141
-81.466716,41.494971,0.002438737093606385
-81.36911,40.873295,0.002530481488584957
-83.879358,39.707993,0.0022034053681391002
-83.817271,39.441097,0.002160673324891351
-83.814082,39.937463,0.002245034808054105
-81.934674,40.81046,0.002482418116908775
-84.064881,39.780634,0.002196620553466093
-84.477648,39.149291,0.002039763235143037
-80.646515,41.105583,0.002571740060582129
-83.892094,39.795828,0.002216358616416387
-95.335337,35.77707,0.0008056102700232817
-95.954124,36.717752,0.0007964447438054892
-97.629504,35.513295,0.0006609343240847145
-98.434163,34.606487,0.0006102185623688274
-97.470985,35.658239,0.0006722600213171726
-96.664196,34.773805,0.000710442803489046
-97.260263,35.943953,0.0006899998542457043
-94.968528,35.920499,0.0008327785901879858
-98.667596,36.796313,0.0006278061284945881
-97.468312,35.609042,0.0006717075301023704
-101.638488,36.594518,0.0004611321855090042
-97.069743,36.123085,0.000705742352180253
-96.934334,35.359949,0.0007001896498551215
-97.541242,35.495271,0.0006659124420243171
-97.445692,35.208152,0.000668594834517942
-95.954215,36.050705,0.0007735674509091175
-95.635739,36.319609,0.0008021945031079957
-96.954186,35.367401,0.0006991011683933782
-97.95641,35.031392,0.0006380517493699176
-96.376381,34.00361,0.0007201708506615707
-97.639411,35.513596,0.0006603553818208327
-98.707964,35.534609,0.0005988107306841536
-95.945175,36.151887,0.000777007865454276
-97.578297,35.347785,0.0006621347238248876
-122.637944,45.568242,0.00028698258270370736
-118.09384,45.320392,0.0002727633588421097
-122.968394,45.30399,0.00028007794985214734
-122.672478,45.450547,0.0002851421412643487
-123.200464,45.201333,0.00027573622473967035
-122.647755,45.398174,0.00028454483163808936
-123.079754,44.047483,0.0002441717875957871
-121.785177,42.257152,0.00021141951824286506
-123.274721,44.56274,0.00025851232549711203
-123.07398,44.044515,0.00024413309496428018
-123.108777,45.521394,0.0002820855356242601
-122.683553,45.511229,0.0002858970523982036
-122.726859,45.571807,0.00028629055268105497
-122.63064,45.480376,0.0002859103619980131
-122.694034,42.186467,0.00020251156709213483
-122.562241,45.50349,0.00028676513710858677
-122.958413,44.88408,0.0002708316984785175
-123.030727,44.935743,0.00027143871600764156
-123.238785,44.851866,0.00026710127144029586
-75.06093,40.131358,0.002528467717645117
-75.910152,40.360248,0.0026504620338339193
-80.146922,41.648068,0.0025058946109120564
-75.376549,40.540137,0.0026433171515195153
-75.938163,40.3102,0.0026423241197187745
-75.165205,40.091941,0.0025278781179304106
-76.446383,41.007989,0.002728577134543956
-75.314988,40.028541,0.002523918597914446
-76.886275,40.954489,0.002738316473280846
-75.37215,40.054565,0.0025366074629317586
-79.884477,40.066473,0.002588804193136202
-79.963927,40.439851,0.0026320000942334407
-79.942914,40.444616,0.00263369186368646
-75.519799,40.586695,0.0026607002794850156
-79.926083,40.448432,0.0026350386157987377
-75.228847,40.087048,0.002532589698325383
-75.529378,39.932293,0.002514005088869395
-79.374775,41.209676,0.0026478773569411224
-75.158202,40.29757,0.0025790805872757897
-77.197854,40.202796,0.0026706450480696664
-75.188745,39.954855,0.002489663245024562
-79.993046,40.437496,0.0026299791872486183
-75.172614,40.99622,0.0026631901971053344
-75.370268,40.052306,0.002535795882773137
-80.126363,41.869978,0.0024410870306720675
-76.594175,40.150372,0.002641230679122262
-76.319037,40.048045,0.002602613619216692
-80.086258,42.126111,0.002351667821285749
-80.352545,40.773474,0.0026159608631763876
-77.234982,39.836091,0.0025797697778738053
-75.133025,40.065782,0.0025173499023315982
-75.238052,40.197566,0.0025627088162008056
-75.302562,40.013368,0.0025183113489704607
-74.990365,40.060414,0.0025013810810951115
-75.57063,40.027963,0.0025460700479221724
-79.159869,40.615589,0.0026877845445644863
-78.015204,40.499511,0.002716878342633151
-75.777456,41.558969,0.002644482543780422
-75.878603,41.248118,0.002694098761656093
-75.785426,40.513705,0.0026685942496354757
-80.011977,40.569777,0.0026369659416359756
-75.152996,40.038503,0.0025114212802692564
-75.209058,40.700512,0.0026499411969315204
-76.513753,40.331733,0.002675899117012718
-75.378887,40.607158,0.0026527755381387675
-75.928273,39.807725,0.002505898203429474
-77.463565,41.142097,0.0027277997563407578
-77.0003,41.246127,0.002718881966367098
-77.07299,41.79971,0.002602527630029852
-75.633996,41.434978,0.00265986166801545
-80.055568,42.103991,0.002362348811075184
-76.988492,40.15867,0.0026565301813221576
-76.355091,39.99813,0.002591001804592324
-75.971016,41.344765,0.0026868740636205785
-75.380979,40.630888,0.002655884741283777
-78.601358,40.459948,0.002699118704322815
-75.508954,40.597362,0.0026612958854519016
-75.437928,39.874944,0.002487716476054577
-79.986362,42.120271,0.0023607110183020527
-75.521311,40.052845,0.002549046569352583
-79.703269,40.55382,0.0026554706662013437
-80.508204,41.234852,0.0025655237035861816
-76.017242,41.306529,0.002693312083812418
-75.620583,41.440258,0.002658410455914601
-75.401798,40.557651,0.002647853313221426
-78.409112,40.540682,0.0027120449718414296
-80.296235,40.678254,0.0026203708692535107
-75.972141,40.357987,0.0026538179948420075
-76.741961,40.205234,0.002659112398984671
-75.447825,39.928355,0.002505644195529966
-78.751784,41.126941,0.00269135859579747
-79.654944,39.948498,0.002577942824112348
-76.031567,40.984157,0.0027145975979791146
-77.861644,40.800732,0.00273621435487846
-79.827262,40.344474,0.0026313475468489897
-77.544068,39.841914,0.0025879759326608923
-75.110661,40.116995,0.0025294849810172182
-76.166371,40.642583,0.0027053112208905656
-76.702835,39.952327,0.002594894627190615
-75.166332,39.945483,0.0024845186222929765
-75.193618,39.951002,0.0024889396183774724
-75.194249,40.022281,0.002510672414086999
-74.909509,40.165809,0.0025221746148477906
-78.673039,41.944173,0.002504840985607906
-79.535757,40.292824,0.002641298357205912
-78.832611,40.268583,0.0026679311776777403
-79.954692,40.444502,0.002632947250373877
-80.001462,40.438526,0.0026295287808743933
-80.211785,40.521088,0.0026211919418871674
-75.329898,40.034771,0.0025270998681321336
-78.638469,40.502782,0.002701890208828457
-75.238343,39.994442,0.0025066057755156897
-79.403702,40.29252,0.0026478179343961995
-75.658031,41.40715,0.0026651231814005917
-79.556228,40.308623,0.002642200867069196
-77.5229,40.057405,0.002643538558948125
-80.051814,41.060814,0.0026211912108003404
-76.87521,40.79774,0.0027371609181474636
-75.356066,39.904081,0.0024896136996116892
-75.158267,39.980943,0.0024947153290036965
-80.382134,41.41308,0.0025437899706512073
-75.455654,40.19405,0.0025809124337919822
-75.54864,40.118341,0.002569210891136704
-75.345457,40.039388,0.002529853426855257
-80.240388,40.171898,0.002584569130690982
-80.18727,39.899419,0.0025404681212545686
-75.594631,39.949084,0.002524690452823123
-80.331376,41.118456,0.002594582112891152
-75.356718,39.86158,0.0024758700831062916
-75.88833,41.243204,0.0026949790216108925
-77.658075,39.947461,0.0026179354481885428
-76.727266,39.946709,0.0025943406566432373
-77.0265,41.2369,0.0027200127585077062
-76.8808,40.261303,0.0026749753338767834
-71.404467,41.827605,0.002072451661219003
-71.539147,41.920149,0.0020825497815735133
-71.413322,41.820558,0.0020752017286547017
-71.502892,41.661783,0.002112859056591113
-71.43792,41.844064,0.0020763189067361616
-71.466915,41.84266,0.002082041911330597
-71.527356,41.484691,0.0021323925139252616
-71.261836,41.647314,0.002066755036807981
-71.301125,41.471445,0.0020875751062314437
-81.020045,34.010348,0.0011353694497018363
-82.640205,34.515506,0.0012991049708536181
-80.069288,32.981986,0.0008678685074352359
-81.021412,34.011285,0.0011356326587337977
-82.761586,34.728068,0.001336527530558888
-79.937251,32.783142,0.000819930422808897
-79.961399,32.796975,0.0008242883877576917
-80.854368,33.497367,0.0010238967648157381
-82.834463,34.677329,0.0013300973275400323
-80.067713,34.37709,0.0011411375715395375
-81.069502,34.081233,0.0011519378816688543
-81.001369,34.062923,0.0011443474458807668
-81.918829,34.956232,0.0013484646768367288
-82.390797,34.330674,0.0012599527110431846
-79.655515,34.192277,0.0010739974405143617
-82.441473,34.920785,0.0013590562376012108
-82.166351,34.201143,0.001228674673382446
-81.648033,35.052919,0.0013538988722465734
-80.346346,33.938707,0.0010771546106625068
-81.601966,34.286201,0.0012192352514595185
-82.37026,35.069758,0.0013803287194149416
-81.874408,34.465697,0.0012639050935804722
-81.767901,33.572917,0.0010910129023237471
-80.973595,32.303308,0.0007949334024235004
-81.026971,33.998973,0.0011335940041340598
-79.0126,33.794733,0.0009435341639732866
-80.851185,33.497439,0.0010237087563200807
-81.970583,34.996403,0.0013567870312799506
-81.130104,33.307455,0.0010026721029746716
-81.028667,34.938506,0.0013054031783081767
-81.934572,34.957914,0.0013493033301055196
-96.738507,43.525939,0.0006762002615267014
-103.870009,44.495536,0.00022854975386836572
-97.109609,44.0127,0.0006015463036099499
-98.030566,43.695995,0.0005621177184888495
-97.409904,42.874475,0.0006782051650825384
-98.4837,45.452555,0.00040223469409084254
-98.49077,45.482833,0.000399726460676768
-96.783415,44.31942,0.000594354446059349
-96.738229,43.531574,0.0006756779086724499
-96.924664,42.784558,0.0007280581756544555
-86.844214,36.132187,0.001399310723622901
-87.354081,36.533319,0.001399786110464936
-86.794715,36.133866,0.001402427577424922
-88.516162,36.139271,0.0012897853276997563
-85.016596,35.495721,0.0014263484701594806
-83.492183,36.122224,0.0015337105930206677
-89.983241,35.127437,0.0011323114912714853
-86.29966,36.204243,0.0014372746861618213
-86.799304,36.10469,0.0013997595101421236
-82.366954,36.301643,0.0015660658906200017
-86.805671,36.16912,0.0014046755450582995
-86.826158,36.134633,0.0014006000070151752
-88.639418,35.440073,0.0012375928259374812
-82.156532,36.585899,0.0016131638816163773
-88.806832,35.628197,0.0012380839938238289
-90.034101,35.118641,0.0011285458377000585
-84.870018,35.166166,0.0013941972268038659
-83.658818,36.581284,0.0015930569066111067
-87.035085,35.200662,0.0013143837267103387
-83.963853,35.751969,0.0014799654183255528
-89.982038,35.115934,0.001131780192206722
-86.362094,35.849139,0.0014031217351503967
-82.29499,36.30036,0.0015655422337822987
-89.989187,35.154424,0.0011333477360297528
-85.917772,35.20443,0.0013655134013860679
-85.050878,35.049136,0.0013765448923253815
-84.592647,35.444939,0.0014320451699562156
-85.299812,35.048247,0.0013699474252841387
-83.929696,35.955093,0.0015050937782282664
-88.864211,36.340338,0.0012784427269694769
-86.82937,36.16899,0.0014032292891449623
-85.503957,36.174659,0.0014757440628292368
-86.753566,36.142115,0.0014055720143526932
-82.761716,36.172558,0.0015466821528693027
-88.858524,35.676896,0.0012375283019501254
-86.804875,36.14443,0.0014026864085665068
-99.70954,32.46915,0.0005300845962644973
-100.466495,31.44145,0.0004590399053217005
-96.598772,33.646307,0.0007044172210107003
-97.119359,31.545956,0.0006121588919454202
-97.836247,30.420952,0.0005033350648410412
-97.331933,27.718601,0.0002466155410783819
-96.947006,32.710017,0.0006692302307664448
-96.921573,32.846202,0.0006739965071874853
-94.374337,32.554545,0.0007734966140714429
-94.10398,33.49561,0.0008261009384099468
-95.906913,33.243814,0.0007319276842678915
-99.733815,32.476786,0.0005290666439860546
-95.515978,29.694414,0.0004939905060057573
-95.098129,29.582523,0.0004886077682450873
-95.35953,29.763831,0.000505096079006085
-96.978193,28.816438,0.00036465540322090987
-95.344851,29.719988,0.0005002988522956819
-98.984956,31.716345,0.0005399899570868125
-97.721698,30.264672,0.0004935990600508057
-98.467709,29.468052,0.00039463603157221204
-95.17773,32.588249,0.00074288548430467
-94.073389,30.044274,0.0005607005830405444
-99.435225,27.573504,0.00020209687778443704
-94.72726,32.467658,0.0007552203556454165
-101.934816,33.576273,0.0004363214674919066
-97.463479,31.066798,0.000567675056760464
-99.750277,32.429551,0.0005271895973192332
-98.51774,33.877143,0.0006051368805337108
-97.151211,33.210958,0.0006702401337064707
-98.54395,29.425611,0.000388231125723925
-98.172112,26.306629,0.0001369807271925534
-97.486644,25.893584,0.00012100429822921984
-96.755864,32.677195,0.0006771379246362047
-95.992066,30.094591,0.0005277548109828242
-95.403625,29.716485,0.0004987540430993585
-97.75763,30.229844,0.0004892519317120727
-95.394178,29.738113,0.0005014434772549917
-95.5519,30.7247,0.0006022876225934926
-99.131076,30.03108,0.000423283341440219
-98.564307,29.451793,0.00039012182643792943
-96.784855,32.845254,0.0006804306548085362
-96.85315,32.405477,0.0006638427729704461
-97.664637,30.635194,0.0005273372441624552
-94.58546,31.58562,0.0007034171993630502
-97.936392,29.889202,0.0004517235558989527
-97.328511,32.397136,0.0006421174625495065
-96.286747,32.735778,0.0007003347366652288
-103.65007,30.363418,0.000271220998030952
-98.22008,32.215665,0.000594840044264752
-97.882342,27.524852,0.00022218750777720618
-94.818532,29.315257,0.000460668023274157
-96.340322,30.613226,0.0005694019764886936
-97.115087,32.728437,0.000661854719294997
-97.737279,30.284733,0.0004948668323576455
-96.748371,32.989432,0.0006856467562483056
-106.50356,31.771697,0.00025939531847842564
-95.249096,32.314724,0.0007270759138416283
-97.361537,32.709568,0.0006497194090489258
-95.312259,32.374185,0.000727531568619561
-97.984601,29.573274,0.0004194566418913659
-102.329634,31.889509,0.00039221400940612193
-98.621386,29.582418,0.00040074033729336654
-95.361961,29.722468,0.0005002569369657488
-101.876917,33.580309,0.0004388553106168149
-97.279631,32.733314,0.0006542062130623292
-97.129088,33.227002,0.0006716001310829206
-98.482577,29.46286,0.0003936826399334435
-101.729564,34.186673,0.0004446597275081645
-101.9158,34.981996,0.00043393665271422176
-94.376821,32.537646,0.0007725031274445263
-111.649281,40.250851,0.00027805720075166427
-113.565894,37.103875,0.0003300726564516662
-113.070146,37.674617,0.00030237931040777416
-112.011617,41.232847,0.0002558501390019952
-111.713264,40.269691,0.00027732794504923446
-111.81391,41.740748,0.00024209370766868423
-111.717058,40.278512,0.00027718343157462464
-111.846044,40.762484,0.0002680021875706087
-111.94484,41.19258,0.000257260819392676
-111.855553,40.731495,0.0002685725598008759
-111.869857,40.684783,0.00026940359502693434
-111.902145,40.659626,0.0002696676257332281
-111.835961,41.718039,0.00024271562307038487
-73.237498,42.92004,0.0019887813518733037
-73.228181,44.49117,0.0011714722703994533
-73.181486,43.607982,0.001637246410119855
-73.204354,44.47295,0.0011797974788149948
-72.437252,44.27912,0.0012370346924122889
-73.241107,43.517134,0.001689568157599975
-72.671154,44.641736,0.0010710476108850343
-72.024563,44.53433,0.0010859945478453104
-72.736552,42.839603,0.001973522291490633
-73.176068,44.009117,0.0014224214369654609
-72.660129,44.139402,0.0013225182488521613
-73.163136,44.494212,0.0011671381628010596
-72.56738,42.891035,0.0019319313243201122
-73.007033,43.599777,0.001628912822039495
-73.21866,42.867031,0.0020114234001672253
-72.382372,44.65225,0.001051210510999786
-72.605179,43.939321,0.0014219509716622764
-73.198128,44.479262,0.001176293399540279
-72.55636,42.850323,0.0019481969018190334
-79.413214,36.577273,0.001528240824318909
-81.244879,37.245681,0.0017478740721719869
-78.969011,38.378391,0.0020815993748849386
-76.709395,37.27195,0.001523866092074587
-76.192844,36.800929,0.001312126162121212
-76.486978,37.061502,0.0014283432578114518
-81.831737,36.772543,0.0016469086970184953
-78.876077,38.478611,0.0021180962525634453
-80.020864,36.926648,0.001644040216431108
-77.30794,38.83088,0.0022084566662217767
-78.461371,37.242482,0.001655508117384743
-76.337647,37.022084,0.0013993813972337742
-79.942196,37.354629,0.0017571636072091495
-78.871663,38.435332,0.0021014578927686742
-79.179688,37.350345,0.0017283292546833539
-78.395789,37.301073,0.00167028983209498
-79.184153,37.397678,0.0017433015504736442
-79.068325,38.154799,0.001999997966371446
-77.474392,38.302206,0.001993046930773216
-77.128799,38.905552,0.002230664778518462
-76.26393,36.848262,0.0013348105784198815
-76.309653,36.884919,0.001351452357429914
-80.549731,37.136914,0.001712785518542332
-77.472253,37.749654,0.0017681322945580947
-79.17079,37.437429,0.0017552891312765711
-77.538702,37.577625,0.001707644798091548
-80.056433,37.29686,0.0017438274931846605
-78.158376,39.166058,0.002370771607045088
-79.350296,37.740669,0.0018609956068817255
-79.079735,37.556317,0.0017900125053452794
-82.558728,36.971468,0.0016804550959877737
-82.17614,36.605006,0.001616561465390741
-80.423267,37.228561,0.0017339243033173452
-77.453597,37.547631,0.0016899809011339817
-78.502599,38.036546,0.0019376587719711663
-79.435737,37.790644,0.0018801655796857985
-77.419886,37.236453,0.0015762604631055172
-77.450954,37.561864,0.0016950673575250653
-76.18606,36.868417,0.001332694242474341
-79.445724,37.787832,0.001879475421155584
-79.413195,36.577257,0.0015282358442752402
-120.537716,47.004957,0.00027859216197998783
-122.344331,47.61734,0.00025372672817946493
-117.589371,47.491293,0.00023646640834283706
-122.977492,47.07382,0.0002703163226674652
-117.403062,47.668144,0.00022702786042108316
-120.395287,46.374571,0.00029190289907260274
-122.207663,47.980328,0.00023688343675221918
-122.191505,47.657743,0.00025252788772999444
-122.445372,47.145494,0.0002716531446255964
-122.479714,47.263651,0.0002673588144051905
-122.815732,47.04328,0.00027248721879579184
-122.362923,47.649338,0.00025221433196711944
-122.3197,47.610138,0.00025415298875989926
-118.389771,46.047,0.00027908008629571376
-117.158168,46.730448,0.00025392891030283994
-122.313115,47.656213,0.0002521181730020619
-122.484873,48.737236,0.00019485034526190706
-118.33016,46.07135,0.0002782784584576427
-117.418078,47.753699,0.00022356377382126445
-122.342647,47.61696,0.00025375097561257495
-122.191454,47.760718,0.0002477466999846325
-122.437499,47.244967,0.00026826160607187324
-80.047728,39.158067,0.002349334716343747
-80.56916,40.204594,0.0025671053521695423
-81.235428,37.26688,0.001752997007124369
-81.618667,38.332577,0.0020355020187605355
-81.005694,37.423854,0.0017921124673674232
-79.846391,38.928693,0.002279540052243357
-80.161844,39.485925,0.0024421114550743214
-80.833597,38.935341,0.0022497417061772386
-82.43065,38.42261,0.002022777260825606
-81.5392,39.31236,0.002318151231728392
-81.506192,39.216379,0.002295021138793669
-77.804844,39.434319,0.002462221761193416
-81.76802,38.379002,0.0020428647163689487
-80.604054,40.162473,0.0025590498314888212
-81.325199,38.179427,0.0020003653174538436
-80.217094,38.990476,0.002290162613981086
-79.953926,39.63468,0.0024911696988016738
-80.690804,40.070873,0.0025395020784112184
-87.965498,42.983518,0.0014929872449974447
-89.03147,42.50363,0.0015355192016368961
-87.909045,43.139752,0.0014479053600983146
-88.227962,43.004647,0.001468846772132527
-87.820706,42.622893,0.0016076891057929784
-87.916628,43.254217,0.0014104708717804883
-89.422122,43.058727,0.0013685117353929238
-87.884956,43.841863,0.0012112982647508172
-88.397822,44.261323,0.0010508954819886994
-88.735055,43.195709,0.0013784117606184282
-88.420638,43.777411,0.001211763478043244
-87.928121,43.038766,0.0014784842065305066
-87.907691,43.045364,0.0014777602601657015
-88.030594,43.072303,0.0014614362115154356
-88.095933,45.58114,0.000648269126285114
-90.874991,46.578983,0.00044694310623902
-88.8426,43.842383,0.0011722912342227985
-88.067301,44.444651,0.0009971048785382762
-87.742961,44.071038,0.0011349537123588205
-91.244095,43.802291,0.0010552704110946625
-88.742368,42.835563,0.0014789262294092394
-91.500432,44.798431,0.0008052659277448822
-87.920499,44.531102,0.0009705250242655654
-91.230149,43.815295,0.001053038270576863
-88.022718,43.036943,0.0014728509523495544
-88.549282,44.024985,0.0011246231913032275
-87.855407,42.646074,0.001598666858425938
-91.929461,44.88861,0.0007701705170187345
-92.089039,46.717548,0.0004244315858705129
-89.405356,43.073858,0.0013657832227848433
-87.880488,43.076848,0.0014696406736528886
-90.492709,42.733936,0.001354828714640684
-92.625316,44.852647,0.0007514164913182968
-89.570934,44.529582,0.0009349818218733723
-88.115185,43.02963,0.001468955676373177
-105.57204,41.311943,0.0003337531454099073
-72.8698425409337,38.24110750027334,0.0014387883209945765
-152.45416080758577,51.30858872409737,4.196068695843796e-05
-146.50395632284034,52.45341506220994,5.521960392617652e-05
-156.5723869936553,35.22418934089956,2.4689986654867898e-05
-127.15498312127386,32.48118226008484,0.00013622569827397205
-111.60827118587224,35.81029745910479,0.0003474054834226276
-84.00253277284068,23.89545466224706,0.0001267709038136759
-68.80778744347629,48.71997635161048,7.189394935513957e-05
-144.23829514616332,19.916244484520515,4.4638907348303874e-05
-139.26567158850645,24.287897741195344,4.383790566213456e-05
-115.9968078089378,49.2417230715532,0.0001402304838746456
-96.93045271924647,25.926954979705243,0.0001248895196434175
-146.44474084107728,32.47879352129465,5.9961225205003555e-05
-69.56492983435203,53.601615798917294,3.8629594944474497e-05
-79.74243494786361,22.685937801929303,9.62839415398116e-05
-100.52923998974508,41.00423286834148,0.0005631109144433807
-144.74474182226928,49.5088659081977,5.780704937358142e-05
-74.09935980906938,21.34157759926659,5.334276862698348e-05
-101.65262691230124,20.699844127581976,4.421371472296511e-05
-85.38941493038408,28.558510439335024,0.00043421482760189726
-128.3999546029769,46.53035218950558,0.0001890780265856473
-155.78372641209072,32.63774698642451,2.93628366851912e-05
-122.71170019518664,30.06275501346176,9.542430717955638e-05
-88.5462700308673,41.47245289916855,0.00174880211332704
-119.76501253407557,38.92522127806252,0.00030960433169124803
-131.52692336975943,21.363984094456963,3.912487958552863e-05
-147.56483955237778,27.40790865100881,3.65768741391691e-05
-116.01474006579582,32.60871355456212,0.00041964413702020464
-146.24284034723843,58.35548477684064,6.057235323889225e-05
-128.36602626433762,43.77377517388084,0.00015515955609011827
-90.2051556178388,57.864354267265895,7.71366354247893e-05
-93.40294143751198,25.24596962064183,0.00010269693585116664
-95.69863013643688,28.689209850079237,0.000372273972311601
-139.66033177018105,22.536598625934364,5.085619861915182e-05
-92.07680643641903,59.2075563229059,7.726953440290445e-05
-137.58382210087845,58.7883581967797,5.7061716803747504e-05
-142.22035982515362,44.37924031179111,6.146129509629911e-05
-137.13929918548013,60.8884617365547,5.688647341179278e-05
-94.24238700529918,56.85987106696004,7.287005180373585e-05
-155.47734111511346,22.52587573675582,7.400559893157882e-05
-140.70636898271005,32.02844636936052,6.104563852492434e-05
-144.16536056286307,40.56957684136645,4.754417311490675e-05
-124.33749484357313,59.1601794621843,4.286900607349768e-05
-134.7643892094797,59.13940726769563,5.595887477303265e-05
-151.38638447102272,48.97065989612941,4.408937398603794e-05
-128.35299322722955,61.80236551024224,4.285806958156717e-05
-131.90814383465477,38.06003508526975,0.00010710244246127021
-85.6199995635964,31.566206298886744,0.0008149713362125028
-146.07357153268435,61.90449339331983,7.177014766285155e-05
-140.58490782151716,21.92204949206574,5.282224682161186e-05
-153.84499591311135,19.902243760534198,6.43444517377552e-05
-98.82456326552828,40.11753674873152,0.0007093016269380793
-146.00966986273338,46.629308216773936,4.934914842180016e-05
-120.23428976414404,60.09333685667127,3.543432299032978e-05
-149.1646672337741,34.42643957188369,4.383386458951311e-05
-135.618039352314,26.150479693778596,4.8017873581033376e-05
-131.50395744122324,32.17893364980413,6.185857759836873e-05
-101.54562399135936,61.12206815831884,5.409697928738657e-05
-78.39367211537058,38.056634461836566,0.001940808365452299
-140.01583936830443,51.13168909804487,5.4365562615606324e-05
-97.38634487187662,50.63519403367765,8.749674441210748e-05
-136.37734067115136,43.6251163079521,7.75663789583669e-05
-100.25828968897412,52.86181331545917,4.669409060408072e-05
-73.001858008368,56.51804795931423,3.7759118868051485e-05
-117.49227491587509,21.030656058597245,3.290060816177961e-05
-94.82369974563338,59.0575018516188,7.343134965274934e-05
-148.0048282898504,28.902802245321244,4.954823641888e-05
-145.78093359858408,64.52901523883503,6.018473939876935e-05
-152.80712531815826,61.189665217674985,5.984812127025541e-05
-116.83518601353975,31.809487267331235,0.0003273863708677264
-155.19836948827916,55.025576989041866,3.5945516281446945e-05
-116.01722732696092,22.176268648062823,4.067303033788771e-05
-129.13229445572628,40.40233356673555,0.0001299474584503223
-87.68201689536222,49.972302700491184,0.00010849146404503969
-99.9384565786568,31.34800440359613,0.00047883531481101834
-123.9118715199134,44.46469893462556,0.0002478233245845906
-88.63947479162019,56.22226005990325,6.71644261994296e-05
-126.42904929062522,52.3277141200534,5.417522715339784e-05
-70.40319059082611,55.0415285201358,3.805490566027352e-05
-144.69513169289277,35.1419881299082,4.204276536486944e-05
-118.01125287585866,45.87227480752203,0.0002749317521159151
-100.93219481478556,20.344598824322805,4.0519512030368195e-05
-118.74617893073554,64.4306006012582,2.135441397150168e-05
-82.50863891566586,61.96159307272086,5.847786410736482e-05
-72.28530063593851,50.990256995640806,4.523678380399965e-05
-106.9957301347313,40.423120761437474,0.0003374139474704982
-96.3477737011064,27.35668570360316,0.00022506080095616325
-84.95651300795669,36.00736174812286,0.0014817230732501866
-97.18314363842052,20.524159880909338,3.783857899586327e-05
-102.18905366962105,23.94297007525136,6.252507030209662e-05
-82.59618805478996,23.18322501169838,0.00010583321066018691
-86.29015904289767,48.78481271048666,0.0001507970606362904
-136.1608735913716,45.93616810662198,8.461869291728591e-05
-108.86700509998268,40.32184460715504,0.0003072862462429742
-137.72572621763896,61.53628912868379,5.537895192564174e-05
-92.07809286020726,59.94789143469281,7.340758539864525e-05
-138.50842128763364,48.6276289213582,6.959380149327333e-05
-115.3720692477856,53.65289310863197,5.0368395113334794e-05
-110.78686470636048,50.28209985484404,7.977834394485892e-05
-101.01988281047204,38.322871186594455,0.0005488001764544181
-79.22019254165943,38.78746835145826,0.0022368830489043756
-115.0815246583731,41.25842571800503,0.00024410878144412172
-128.2837495008758,24.445876259044702,4.115673792103879e-05
-71.59719246313922,58.72161580712866,4.016909180718062e-05
-138.9749960031213,57.39694182462945,4.984425842021511e-05
-102.0687306620995,22.18239488416105,5.44824181616812e-05
-92.83581082909564,54.081161001859215,6.051991896305829e-05
-120.83504267088104,42.29643940604791,0.00021857517030414312
-97.8785719577922,29.96965403764101,0.0004612125815396866
-91.15872553557452,29.92206294443512,0.0005754569441667164
-79.07939399453832,51.76329695542891,5.535946710296e-05
-132.9452905840153,41.41325943020313,8.715583019906211e-05
-119.06571095103692,23.146599367915982,4.326834407002413e-05
-102.09298948083324,39.225125513180046,0.0005142401677664185
-151.7954264765966,22.94748054715222,6.291019575647973e-05
-126.50672536239604,21.80682979693916,3.558103202274667e-05
-107.9893994638802,62.84626496539626,3.4711001783839054e-05
-82.95164263830242,48.20473799554324,0.00015063312651133386
-94.554635673007,56.43425221280856,7.062149107962694e-05
-105.1427042416336,21.49854621465337,4.7022082292853804e-05
-80.57131203492925,33.04906118799395,0.0009154925508325506
-146.8931181270434,52.55728776499167,5.496056130228625e-05
-132.61324975654983,37.38766883053704,9.361400627373788e-05
-121.84535850440722,54.49900542598724,4.2478987477386145e-05
-116.1894575400778,29.08197581639219,8.247758462456557e-05
-88.86510720450963,59.13214303523799,7.557545263745656e-05
-141.0020834241179,61.148538150117474,6.234646213670004e-05
-140.60345491562856,20.53731542571932,4.7956539242970724e-05
-102.86084158560736,40.783241532435085,0.00045083703856972266
-148.7751007692577,48.481328724159695,4.79881519791845e-05
-101.70201592263854,62.87595999789792,5.036310219559823e-05
-142.80411475909196,35.84889562284657,3.9387580221971666e-05
-133.24514580814537,45.1905519174975,0.00010579721574632504
-123.25752138339249,42.87925250551439,0.00020777398415348773
-158.0182765964894,49.84266547190708,2.7461562852513404e-05
-132.79290279686404,63.99089576229238,3.0924520053382015e-05
-147.3277850216402,22.07865960734445,5.931250077195403e-05
-133.67951611375105,40.930016575502016,8.311856083493916e-05
-74.21147715178681,36.3780952439628,0.0009525646221886405
-154.76633940298146,39.203161365210605,2.8454309504765383e-05
-145.37371903821327,54.204016422809474,5.369044782882833e-05
-106.39726483929142,29.28186548956998,0.00014280722505216349
-86.12566909563863,32.20890895148602,0.0009285840384126325
-121.93018610323928,50.68841429940544,9.997175082580865e-05
-147.50715533901533,63.38624529256042,6.982203610697388e-05
-70.46791809331637,34.84201520061787,0.00030285113776608205
-74.8547019365805,47.61382157154967,0.00018696628237507327
-89.08825492519298,62.57659509955545,4.597466864477729e-05
-78.2759275739716,26.11197195209624,0.00025642238866762577
-116.73228970207973,36.05962499735598,0.0004563471429137857
-116.3260212891116,53.25084996589703,5.29178735656515e-05
-79.09954823131856,59.571467834942894,5.531492821179826e-05
-95.55229897378211,48.42729291928183,0.00021789411050737162
-99.48672132049025,59.91620813566067,5.924968831841398e-05
-80.03055599087622,36.1351630027082,0.0014662812638336702
-129.95517153855985,46.24968322580091,0.00015906543435405482
-136.28102779730068,39.594440238801496,6.78579202280342e-05
-133.5198855774565,48.14173225336809,9.713770199494682e-05
-88.76291143345003,48.54399308118663,0.00019237791712943493
-72.0854118326805,48.97729734696706,7.769496596044613e-05
-117.00841046440227,40.96529885796553,0.0002444955858581925
-108.2002537616709,21.022521061086223,3.8530793434114057e-05
-150.35444972292186,56.37758921907796,5.8531359069070754e-05
-93.58454587636744,57.01713480640674,7.454612569193444e-05
-89.53760419283711,38.95782208608004,0.0015032057278550803
-86.25213686502838,40.82023470640228,0.002036807489314806
-83.71675344249489,39.74340577219788,0.002225324713682953
-108.3178634508026,55.95049233624741,4.9176898054473876e-05
-102.73332957588563,55.63734173600741,5.1025334043374355e-05
-125.9035916938294,50.43650956716739,0.00010000631883172145
-107.47647878259356,26.79529791524747,6.156980651847038e-05
-114.40167971055904,39.7224142982147,0.0002725838591814424
-88.5501778888273,20.303073507858283,2.906585075562899e-05
-74.95480155354304,44.205558710430914,0.0013737466216646166
-144.7412037635196,30.01434774762245,6.716076232593395e-05
-157.03831548250216,23.108186308413085,6.262357057441814e-05
-146.3500777573455,42.989944592727696,4.850788613016314e-05
-70.52338374313078,24.567477472196533,6.668690701476544e-05
-88.21714400084119,31.300084435915736,0.0007799306569111986
-97.37468481930512,23.148682753896598,5.812481861957635e-05
-141.68398161351874,51.16457846489256,5.5955107925443744e-05
-72.29143734338159,37.49338865861044,0.0010497359171492207
-75.19269110524422,32.49847846804029,0.00040991056291521356
-75.19131999312008,53.82062806037104,4.753938571993181e-05
-142.25914487783714,31.715867893034115,6.561316599336926e-05
-131.41313647667408,20.945352181360047,3.6504195980250394e-05
-105.7277466761661,24.86936804846468,5.490122447886404e-05
-88.70873980251592,53.711222897895766,6.0379184552688445e-05
-119.88368638685176,63.995914180021785,2.4339485497877918e-05
-118.13292520406571,26.27461419195703,4.246775677081242e-05
-90.66282536519644,51.60108230409509,7.312977115840125e-05
-105.51328941642204,46.42028434568323,0.00016477137914203515
-155.30177623734778,58.74181880051583,4.9266795012319905e-05
-88.86926986770392,39.85908404755,0.0016840184875556359
-101.87618578621456,61.216587658447125,5.336061261947593e-05
-115.0059396629009,61.05073528674008,2.7039818421184796e-05
-135.82907972372706,26.41465594244765,4.8969901841920015e-05
-79.20553367279963,32.89322271386655,0.0007867804725744346
-143.70229907080116,30.84643145425888,6.965190802592354e-05
-139.08855271491268,42.6176530653713,6.684702694833508e-05
-117.06410941875731,28.671283881729053,6.714228854992536e-05
-73.91050297968852,47.366388523739566,0.00021998125377127557
-124.0066453209641,34.33956850301374,0.0003366985337319521
-125.06988690233243,60.32719703780079,4.380196599904582e-05
-120.30776536065288,41.01378427589722,0.0002300008086011815
-74.0386064902153,23.329665858887893,9.34104466977534e-05
-128.33382923252012,64.17157871502859,2.812592371073457e-05
-122.75484004385483,32.28056018789898,0.00026516118065817666
-150.8514504541002,38.06308162863819,3.7561974911904334e-05
-91.94708272756817,50.274668203616756,0.00010984632316519287
-82.67176744035952,60.582255047317034,6.234277034150068e-05
-90.04333410286104,49.46730960218912,0.0001427064636742772
-130.22042078507684,37.73336993216323,0.00013818752436708077
-155.14234927034468,47.153476136383944,2.7988835240308165e-05
-125.57039788848975,54.40210224559105,3.962780275691249e-05
-150.73960081839454,62.09878099990432,6.639718621507305e-05
-128.07462427881907,57.53429347822541,4.33944438137853e-05
-100.556558497538,49.55493637565341,0.00011316462069781014
-76.00621632325044,33.08317819781846,0.0005504727960179232
-83.34664128573462,40.88719297278334,0.0023425509400654353
-101.43803196783668,39.56139560219692,0.0005490441273824341
-74.9448270789581,23.278722672234558,0.00010036690844163848
-148.10548870708962,64.76851930211973,5.7221465554849886e-05
-82.29761167937168,41.795945422887385,0.002292299009265154
-86.66098652356362,41.43024259256773,0.001954485976017397
-71.93143441373007,44.011536104490446,0.001331873403194157
-157.9411180314602,21.264105313666683,7.59347148183539e-05
-86.00875625856028,45.55563010069264,0.0006408270038016243
-80.11271209656772,35.087754118190645,0.0012753903281880036
-82.4011990429732,51.644861940550186,6.158033200796515e-05
-101.23661701483748,23.449710934571286,6.124399468206292e-05
-118.77488934040971,43.79009124107738,0.00024820498109074063
-117.24135400936981,26.679146056109396,4.333687267800135e-05
-70.41651600489098,33.74394812311938,0.00021363338704058328
-136.63488770411402,40.09087266920629,6.743365082377533e-05
-152.1004851083016,64.32529147484708,4.785176357651105e-05
-151.52757342302485,21.68335543173584,7.330540629464596e-05
-151.64104007579022,57.69311289169545,5.972279027638146e-05
-100.9144961046758,53.873871738314705,4.64911839955734e-05
-105.20984554987585,56.504841070783144,5.078753035082798e-05
-154.11889876072706,58.90248959545072,5.4752623064283666e-05
-87.89357366630558,21.23263894434977,3.854137319776342e-05
-75.84816886707185,23.48565402861073,0.00011418548085892446
-152.06029378052838,31.051395025851313,4.420851200750314e-05
-122.3988931325673,25.387478472053317,4.072068128550409e-05
-150.33658194912852,33.194005110920415,4.765734732243516e-05
-127.52795542403501,42.84989787633289,0.00014948516062884829
-114.12686504735711,21.564566632139293,3.762130971272671e-05
-73.70167056368145,28.170237165805773,0.00015465249481838277
-136.27422230635491,32.582238409142086,5.015133351727147e-05
-114.53524066732064,53.61672859827004,5.0371106150124914e-05
-83.44115827390354,63.65300181054853,4.2947205452821145e-05
-132.89836750477843,41.48782026500237,8.742977350719778e-05
-136.46495577990734,45.32513549032602,8.206995617041608e-05
-108.83624385514602,31.446635753191522,0.00022282892358231404
-143.48553284305794,38.201045506831505,4.1317181805686836e-05
-128.1023645302918,61.88633475782815,4.22881868067613e-05
-95.2805129967864,31.001908634412516,0.0006350331171531669
-152.37638514888073,57.383638569797554,5.720177550367127e-05
-113.6608372839402,48.43575920443525,0.00015131488849717896
-70.66172457292659,19.762177218828146,2.4666481536692936e-05
-131.04757388747834,36.64217495519041,0.00011413414627363919
-106.95381140583584,50.34975834264002,7.052244336752724e-05
-68.37626431709144,54.04222107701973,3.452536527432886e-05
-81.12222960972228,64.46448043600599,3.817401235565002e-05
-79.64779650920856,29.241803617649534,0.0003903582902858156
-102.98812496066728,64.2631339516234,3.954130722448075e-05
-76.67189448546164,29.73983469882758,0.0002855946106336376
-111.73224881566415,34.67781561549962,0.00039020207829459637
-137.25852957192816,58.912879454964894,5.736379044047137e-05
-130.1376170291119,55.935439009683776,3.6398420302072896e-05
-128.33738569389308,47.244756198379434,0.00018153820715919133
-114.17679105970075,40.47811272595392,0.0002611980301641004
-134.15301327590618,49.37138491146929,7.842579861122023e-05
-91.08444534183405,27.74519128590683,0.0003005649958356194
-136.60630987174298,21.339181153142086,4.749329450350169e-05
-126.56185699120186,46.49791780190078,0.00022734353883378103
-147.80171372999297,51.58478484599803,5.424752124560583e-05
-102.318085223952,41.34360118749078,0.00044652143332009873
-89.0959125430808,35.79847015951447,0.0012284956335629738
-131.67743144304646,48.689525423590425,0.00010567492885739328
-123.3978826745703,52.04580918822799,6.409379624402503e-05
-112.58633659266414,51.657191413749544,6.258454596844887e-05
-116.69893825379063,38.26712242750765,0.0003244323951484039
-118.78377265275567,44.02518899588253,0.00025364233484407114
-71.17975554202701,58.92443915786113,3.957293925382449e-05
-140.05449507558194,29.438007193946838,6.423589001341892e-05
-142.5782441557838,29.141791299223588,6.343768850195668e-05
-149.89719266023243,44.09361230529931,3.687330411582447e-05
-92.85538124158035,29.70928093268314,0.0005342014410976565
-74.3833662274386,64.07646413245145,4.1511137150170204e-05
-91.83014049645361,55.25474254173548,6.70606679291499e-05
-157.98706873803044,49.27980921737475,2.7689268206138568e-05
-68.87893719094274,63.208813348047755,2.792227930233174e-05
-88.6846301673215,47.69805262607868,0.00026943461260849397
-73.17144659747153,52.61164079697551,4.6998976212847124e-05
-80.40572201628653,30.159903804298903,0.00047345636645632555
-130.249043176197,28.54560386755426,4.309909984614336e-05
-96.73461495646096,63.55261785051478,4.074315294381842e-05
-135.45316580913095,36.708136736279485,5.890446081793553e-05
-98.04662984278096,39.76722326722086,0.0007698550670616427
-92.46401810534091,39.35078566561816,0.0012541522880946151
-90.23800458125655,45.276763190025974,0.0007193585827524293
-95.69926963628498,45.25864981767408,0.0005507576767421266
-140.3197507779577,20.182856821298405,4.453180080037098e-05
-82.47071281226093,41.01807625930829,0.0024197409442556317
-153.12535476290444,37.71510929335429,3.382404270213786e-05
-149.3465992564118,55.4332644311627,5.706036905397653e-05
-100.14863704786441,39.823155950215344,0.0006224605869619773
-81.7481827881834,37.58674264478423,0.0018282447150540116
-137.79914953066785,47.138012985340964,7.546527824264162e-05
-74.33462428319028,63.2409137476495,4.9106606280417696e-05
-137.38065239543158,30.932197854172806,5.8709687952952326e-05
-104.97889975286091,30.230396669732734,0.00022196695662781278
-136.83217983158525,27.40987013897222,5.294679191026987e-05
-108.56885291785267,58.1892930590825,4.233311318011377e-05
-67.67778352367819,41.034714136778774,0.0012415321093987998
-98.96098948088566,32.55479105503056,0.0005686960714522802
-131.90559284449944,27.38617772168277,4.652060365491744e-05
-86.21645263294505,59.35066386270877,6.920247813843257e-05
-85.47126325258712,52.8437320524956,6.00680517889381e-05
-116.24807896269414,36.799256849582974,0.00039817665573011553
-85.6140428383142,21.691483575493283,4.9491498819472386e-05
-84.51431202235759,55.51538000925537,5.203978646967354e-05
-94.95908252793369,49.00220547560049,0.00017779633093544143
-72.30944486171609,59.35799283282492,4.422148254096551e-05
-91.2272210095521,61.059277437019205,6.349379153892715e-05
-144.0921831759469,44.88560304737797,5.562450243541051e-05
-106.57435306843155,40.926008188330016,0.0003292371806454838
-100.48999104622752,32.84116322061025,0.0004984608722791666
-112.79805897596141,34.500860096107246,0.000428035404003936
-102.67622136742436,47.61956187985332,0.00017197469417790543
-108.91758378444317,37.91688798384289,0.0002929540597263852
-112.52547787982974,51.633417841447795,6.273543029938738e-05
-118.51403073319699,23.7092614184347,4.388264066261891e-05
-76.71340515035165,62.01829825539227,5.985787649779358e-05
-88.02799433330654,59.98259375859605,7.12931421204146e-05
-88.43831345600891,48.050170482216025,0.00023042193520166835
-81.34266468283809,52.283568043553686,5.753588275691117e-05
-106.34176734966346,39.54016425903346,0.00036299482629178836
-144.5602096421428,64.77387318142013,5.500167341646555e-05
-76.6039759601612,63.624944720738796,4.9950488590195084e-05
-75.1563988302233,22.70796772550014,8.66754377799078e-05
-117.54592139299709,42.124761542743556,0.00022909165367616342
-85.01903249502429,58.314153187014426,6.271269298515386e-05
-125.07481065779731,58.15683891181976,4.205732409613269e-05
-156.3120079211582,60.376093955912765,4.3867837814944515e-05
-134.91894220659987,28.516714985172964,5.3400358678440366e-05
-89.51570315116771,32.640932468708826,0.0009446691514021746
-136.87873319793925,50.089384321216336,6.295646297402843e-05
-99.31560392476041,47.08544238042431,0.00026373987360964695
-95.19555877704931,55.564891783361276,6.514786643680311e-05
-149.15482044495948,54.871138869984875,5.569417657090535e-05
-138.31624973349545,44.234773585533745,7.261734620446752e-05
-149.96425734350458,30.150614051531328,5.088822833473874e-05
-95.79982041349166,39.32968122014322,0.000944697682112632
-110.12089059807649,34.86715770635748,0.00034197631927743703
-78.00554603472092,44.53896701968521,0.0011516055575835672
-76.38459936698027,25.61296429334966,0.0001987330435672443
-74.53923762480397,37.17319478377472,0.0012401814966646314
-141.00454167298784,63.27014724592041,5.5918929006663585e-05
-85.2161901038488,48.43081510824378,0.0001603424240122619
-146.26301747216598,23.936743736784862,4.285337351101209e-05
-128.7845084532976,49.515834999077896,0.00011188555618998822
-79.77324124766623,53.424463962873006,5.191764064931844e-05
-76.09609974430475,60.99877132295154,5.875249607501334e-05
-143.0412456282647,41.47106174589008,5.3261643684403735e-05
-145.8711175321363,64.783003035161,5.729982985773464e-05
-128.02390218776503,50.247306900443434,9.486340832379341e-05
-150.53880234057488,39.331586272524845,3.726389617133112e-05
-91.93522690664487,46.37436612252341,0.0004795494108282066
-94.55872500673019,25.440177630377384,0.00010871666953278239
-72.17269368177027,42.04639195885095,0.002166264340688894
-108.29831487908262,56.32134166519651,4.923945897226338e-05
-72.08260704973675,21.347238194812924,4.6852527458435135e-05
-142.53167603824596,48.66863832411691,6.0640751910044145e-05
-99.10856285728342,59.777273105351014,6.036283825802326e-05
-103.683482238689,63.607933156993255,4.380014469692773e-05
-80.34207860571046,37.3426959902049,0.0017631395047397011
-121.24497606358337,34.196178375079256,0.00045705072622799237
-144.98054809394418,56.56737867129682,5.525726137812337e-05
-140.34839509769807,54.78567546012046,4.010502225022744e-05
-90.03328213681871,37.92218807886378,0.0013279222704898322
-149.25774358969522,20.849131791437305,6.326742776672951e-05
-128.36618820540406,23.8642069159299,4.125878576951194e-05
-150.74809921160576,42.59458435946917,3.382621671935703e-05
-114.60739493481697,56.96068724519418,3.8214804644938465e-05
-103.93187308450754,45.11339803403146,0.00021287662532737145
-69.7302984283281,31.744835791019703,9.804329773232032e-05
-81.26449375510327,46.66763165012552,0.0003282621086603011
-145.03017886045387,30.73455152812491,6.865820867565022e-05
-75.9967235724285,61.61007531670644,5.923699876014653e-05
-147.21140935524082,60.41987071916927,6.839011872822442e-05
-73.94475943748326,31.261030866299894,0.0002301908262809337
-128.90352750932166,33.14421810093098,0.00011307623184982763
-110.97459242886367,25.828184728756785,4.313821667968398e-05
-109.20850343333078,57.13133836539235,4.659418621940554e-05
-109.0461643023776,47.9594036787492,0.0001291067504834759
-100.94162427585036,64.59176662481032,3.6603797877220987e-05
-88.49363658802791,30.24948209971443,0.0006296684774781057
